Workbook
Name janet: #REF!

Sheet 26
A1: Nomenclatura
A2: ATRASO | B2: REPOSO
A3: FALTA | B3: PAGO POR SOPORTE O ADICIONAL | D3: VIERNES
A4: VACACIONES | B4: CAPACITACIÓN | E4: DIMENSIONAMIENTO | G4: 4 | H4: 3 | I4: 3 | J4: 3 | K4: 3 | L4: 3 | M4: 10 | N4: 20 | O4: 27 | P4: 29 | Q4: 30 | R4: 30 | S4: 30 | T4: 20 | U4: 23 | V4: 28 | W4: 28 | X4: 33 | Y4: 26 | Z4: 18 | AA4: 11 | AB4: 8 | AC4: 6 | AD4: 4 | AE4: =SUM(G4:AD4) -> 400 | AF4: =AE4/9 -> 44.444444
E5: 26 | G5: 00:00 - 01:00 | H5: 01:00 - 02:00 | I5: 02:00 - 03:00 | J5: 03:00 - 04:00 | K5: 04:00 - 05:00 | L5: 05:00 - 06:00 | M5: 06:00 - 07:00 | N5: 07:00 - 08:00 | O5: 08:00 - 09:00 | P5: 09:00 - 10:00 | Q5: 10:00 - 11:00 | R5: 11:00 - 12:00 | S5: 12:00 - 13:00 | T5: 13:00 - 14:00 | U5: 14:00 - 15:00 | V5: 15:00 - 16:00 | W5: 16:00 - 17:00 | X5: 17:00 - 18:00 | Y5: 18:00 - 19:00 | Z5: 19:00 - 20:00 | AA5: 20:00 - 21:00 | AB5: 21:00 - 22:00 | AC5: 22:00 - 23:00 | AD5: 23:00 - 00:00
G6: =G7-G4 -> 0 | H6: =H7-H4 -> 0 | I6: =I7-I4 -> 0 | J6: =J7-J4 -> 0 | K6: =K7-K4 -> 0 | L6: =L7-L4 -> 0 | M6: =M7-M4 -> 0 | N6: =N7-N4 -> 0 | ... AD6: =AD7-AD4 -> 0 | AE6: =SUM(G6:AD6) -> 0
A7: GESTIÓN | B7: USUARIO | C7: CONTACTO | D7: N° | E7: ASESORES | F7: HT | G7: =SUM(G8:G54) -> 4 | H7: =SUM(H8:H54) -> 3 | I7: =SUM(I8:I54) -> 3 | J7: =SUM(J8:J54) -> 3 | K7: =SUM(K8:K54) -> 3 | L7: =SUM(L8:L54) -> 3 | M7: =SUM(M8:M54) -> 10 | N7: =SUM(N8:N54) -> 20 | ... AD7: =SUM(AD8:AD54) -> 4 | AE7: =SUM(G7:AD7) -> 400 | AF7: HORARIO ASISTENCIA | AG7: FECHA
A8: UNIFICADA | B8: NTGLQUIS | D8: 0 | E8: QUISHPE SIERRA JOSE LUIS | F8: =SUM(G8:AD8) -> 4 | Y8: 1 | Z8: 1 | AA8: 1 | AB8: 1 | AE8: =SUM(G8:AD8) -> 4 | AF8: 18:00 A 22:00 | AG8: VIERNES 26 DE DICIEMBRE
A9: UNIFICADA | B9: NTGBACUC | C9: 999600729 | D9: 1 | E9: ACUÑA CAISAGUANO BYRON DANILO | F9: =SUM(G9:AD9) -> 11 | P9: 1 | Q9: 1 | R9: 1 | S9: 1 | X9: 1 | Y9: 1 | Z9: 1 | AA9: 1 | AB9: 1 | AC9: 1 | AD9: 1 | AE9: =SUM(G9:AD9) -> 11 | AF9: 09:00 A 13:00 - 17:00 A 00:00 | AG9: VIERNES 26 DE DICIEMBRE
A10: UNIFICADA | B10: NTGBALED | C10: 984098910 | D10: 2 | E10: ALENCASTRO DELGADO BRIGITTE SCARLET | F10: =SUM(G10:AD10) -> 13 | G10: 1 | H10: 1 | I10: 1 | J10: 1 | K10: 1 | L10: 1 | X10: 1 | Y10: 1 | Z10: 1 | AA10: 1 | AB10: 1 | AC10: 1 | AD10: 1 | AE10: =SUM(G10:AD10) -> 13 | AF10: 00:00 A 06:00 - 17:00 A 00:00 | AG10: VIERNES 26 DE DICIEMBRE
A11: UNIFICADA | B11: NTGBALEE | C11: 987983128 | D11: 3 | E11: ALENCASTRO DELGADO BRITANY SAMANTA | F11: =SUM(G11:AD11) -> 12 | O11: 1 | P11: 1 | Q11: 1 | R11: 1 | S11: 1 | U11: 1 | V11: 1 | W11: 1 | X11: 1 | Y11: 1 | Z11: 1 | AA11: 1 | AE11: =SUM(G11:AD11) -> 12 | AF11: 08:00 A 13:00 - 14:00 A 21:00 | AG11: VIERNES 26 DE DICIEMBRE
A12: UNIFICADA | B12: NTGOAQUO | D12: 4 | E12: AQUINO ORELLANA OTILDA FRANCISCA | F12: =SUM(G12:AD12) -> 12 | O12: 1 | P12: 1 | Q12: 1 | R12: 1 | S12: 1 | T12: 1 | V12: 1 | W12: 1 | X12: 1 | Y12: 1 | Z12: 1 | AA12: 1 | AE12: =SUM(G12:AD12) -> 12 | AF12: 08:00 A 14:00 - 15:00 A 21:00 | AG12: VIERNES 26 DE DICIEMBRE
A13: UNIFICADA | B13: NTGAARIF | C13: 998223732 | D13: 5 | E13: ARIAS FARINANGO ARIEL FERNANDO | F13: =SUM(G13:AD13) -> 12 | N13: 1 | O13: 1 | P13: 1 | Q13: 1 | R13: 1 | S13: 1 | U13: 1 | V13: 1 | W13: 1 | X13: 1 | Y13: 1 | Z13: 1 | AE13: =SUM(G13:AD13) -> 12 | AF13: 07:00 A 13:00 - 14:00 A 20:00 | AG13: VIERNES 26 DE DICIEMBRE
A14: UNIFICADA | B14: NTGIARIN | D14: 6 | E14: ARIAS NARVAEZ ISIS ESCARLETH | F14: =SUM(G14:AD14) -> 12 | M14: 1 | N14: 1 | O14: 1 | P14: 1 | Q14: 1 | R14: 1 | S14: 1 | U14: 1 | V14: 1 | W14: 1 | X14: 1 | Y14: 1 | AE14: =SUM(G14:AD14) -> 12 | AF14: 06:00 A 13:00 - 14:00 A 19:00 | AG14: VIERNES 26 DE DICIEMBRE
A15: UNIFICADA | B15: NTGJBELL | C15: 979044107 | D15: 7 | E15: BELTRAN VILLALBA JENNIFER MIGREY | F15: =SUM(G15:AD15) -> 12 | M15: 1 | N15: 1 | O15: 1 | P15: 1 | Q15: 1 | R15: 1 | S15: 1 | U15: 1 | V15: 1 | W15: 1 | X15: 1 | Y15: 1 | AE15: =SUM(G15:AD15) -> 12 | AF15: 06:00 A 13:00 - 14:00 A 19:00 | AG15: VIERNES 26 DE DICIEMBRE
A16: UNIFICADA | B16: NTGJBEND_1 | C16: 995545886 | D16: 8 | E16: BENALCAZAR DUARTE JEANNETH GISSELA | F16: =SUM(G16:AD16) -> 11 | N16: 1 | O16: 1 | P16: 1 | Q16: 1 | R16: 1 | S16: 1 | U16: 1 | V16: 1 | W16: 1 | X16: 1 | Y16: 1 | AE16: =SUM(G16:AD16) -> 11 | AF16: 07:00 A 13:00 - 14:00 A 19:00 | AG16: VIERNES 26 DE DICIEMBRE
A17: UNIFICADA | B17: NTGJBERO | C17: 968594141 | D17: 9 | E17: BERMEJO MALDONADO JONATHAN MAURICIO | F17: =SUM(G17:AD17) -> 12 | Q17: 1 | R17: 1 | S17: 1 | T17: 1 | U17: 1 | W17: 1 | X17: 1 | Y17: 1 | Z17: 1 | AA17: 1 | AB17: 1 | AC17: 1 | AE17: =SUM(G17:AD17) -> 12 | AF17: 10:00 A 15:00 - 16:00 A 23:00 | AG17: VIERNES 26 DE DICIEMBRE
A18: UNIFICADA | B18: NTGMCABU | D18: 10 | E18: CABASCANGO BUSE MARITZA ELIZABETH | F18: =SUM(G18:AD18) -> 11 | M18: 1 | N18: 1 | O18: 1 | P18: 1 | Q18: 1 | R18: 1 | S18: 1 | U18: 1 | V18: 1 | W18: 1 | X18: 1 | AE18: =SUM(G18:AD18) -> 11 | AF18: 06:00 A 13:00 - 14:00 A 18:00 | AG18: VIERNES 26 DE DICIEMBRE
A19: UNIFICADA | B19: NTGMCAR9 | C19: 989533877 | D19: 11 | E19: CARVAJAL RENGEL MARIA BELEN | F19: =SUM(G19:AD19) -> 0 | G19: V | H19: V | I19: V | J19: V | K19: V | L19: V | M19: V | N19: V | O19: V | P19: V | Q19: V | R19: V | S19: V | T19: V | U19: V | V19: V | W19: V | X19: V | Y19: V | Z19: V | AA19: V | AB19: V | AC19: V | AD19: V | AE19: =SUM(G19:AD19) -> 0 | AF19: VACACIONES | AG19: VIERNES 26 DE DICIEMBRE
A20: UNIFICADA | B20: NTGTCHII | C20: 997829699 | D20: 12 | E20: CHINGA PITIUR TATIANA LIZBETH | F20: =SUM(G20:AD20) -> 12 | R20: 1 | S20: 1 | T20: 1 | U20: 1 | V20: 1 | W20: 1 | X20: 1 | Y20: 1 | Z20: 1 | AA20: 1 | AB20: 1 | AC20: 1 | AE20: =SUM(G20:AD20) -> 12 | AF20: 11:00 A 23:00 | AG20: VIERNES 26 DE DICIEMBRE
A21: UNIFICADA | B21: NTGCCOLT | D21: 13 | E21: COLCHA TOAPANTA CINTHYA VANESSA | F21: =SUM(G21:AD21) -> 7 | G21: 1 | Y21: 1 | Z21: 1 | AA21: 1 | AB21: 1 | AC21: 1 | AD21: 1 | AE21: =SUM(G21:AD21) -> 7 | AF21: 00:00 A 01:00 - 18:00 A 00:00 | AG21: VIERNES 26 DE DICIEMBRE
A22: UNIFICADA | B22: NTGADELN | C22: 996303208 | D22: 14 | E22: DEL CASTILLO MANCHENO ANDRES DARIO | F22: =SUM(G22:AD22) -> 11 | M22: 1 | N22: 1 | O22: 1 | P22: 1 | Q22: 1 | R22: 1 | T22: 1 | U22: 1 | V22: 1 | W22: 1 | X22: 1 | AE22: =SUM(G22:AD22) -> 11 | AF22: 06:00 A 12:00 - 13:00 A 18:00 | AG22: VIERNES 26 DE DICIEMBRE
A23: UNIFICADA | B23: NTGYGOMR | C23: 991837641 | D23: 15 | E23: GOMEZ ROSALES YANINA BELEN | F23: =SUM(G23:AD23) -> 6 | N23: 1 | O23: 1 | P23: 1 | Q23: 1 | R23: 1 | S23: 1 | AE23: =SUM(G23:AD23) -> 6 | AF23: 07:00 A 13:00 | AG23: VIERNES 26 DE DICIEMBRE
A24: UNIFICADA | B24: NTGCGUAH | C24: 985570860 | D24: 16 | E24: GUANOLUISA REMACHE CHRISTIAN ALEXANDER | F24: =SUM(G24:AD24) -> 11 | O24: 1 | P24: 1 | Q24: 1 | R24: 1 | S24: 1 | T24: 1 | U24: 1 | V24: 1 | X24: 1 | Y24: 1 | Z24: 1 | AE24: =SUM(G24:AD24) -> 11 | AF24: 08:00 A 16:00 - 17:00 A 20:00 | AG24: VIERNES 26 DE DICIEMBRE
A25: UNIFICADA | B25: NTGLJACC | C25: 961816449 | D25: 17 | E25: JACOME CAMACHO LUIS HUMBERTO | F25: =SUM(G25:AD25) -> 11 | M25: 1 | N25: 1 | O25: 1 | P25: 1 | Q25: 1 | R25: 1 | S25: 1 | U25: 1 | V25: 1 | W25: 1 | X25: 1 | AE25: =SUM(G25:AD25) -> 11 | AF25: 06:00 A 13:00 - 14:00 A 18:00 | AG25: VIERNES 26 DE DICIEMBRE
A26: UNIFICADA | B26: NTGMJIM0 | C26: 989858490 | D26: 18 | E26: JIMENEZ SILVA MIRIAN PAMELA | F26: =SUM(G26:AD26) -> 11 | M26: 1 | N26: 1 | O26: 1 | P26: 1 | Q26: 1 | R26: 1 | S26: 1 | T26: 1 | U26: 1 | W26: 1 | X26: 1 | AE26: =SUM(G26:AD26) -> 11 | AF26: 06:00 A 15:00 - 16:00 A 18:00 | AG26: VIERNES 26 DE DICIEMBRE
A27: UNIFICADA | B27: C | C27: 988957267 | D27: 19 | E27: LECHON SANDOVAL ERICK FERNANDO | F27: =SUM(G27:AD27) -> 11 | O27: 1 | P27: 1 | Q27: 1 | R27: 1 | S27: 1 | T27: 1 | U27: 1 | V27: 1 | X27: 1 | Y27: 1 | Z27: 1 | AE27: =SUM(G27:AD27) -> 11 | AF27: 08:00 A 16:00 - 17:00 A 20:00 | AG27: VIERNES 26 DE DICIEMBRE
A28: UNIFICADA | B28: NTGJMEN13 | D28: 20 | E28: MENDOZA PALACIOS JHON HENRY | F28: =SUM(G28:AD28) -> 11 | N28: 1 | O28: 1 | P28: 1 | Q28: 1 | R28: 1 | S28: 1 | T28: 1 | V28: 1 | W28: 1 | X28: 1 | Y28: 1 | AE28: =SUM(G28:AD28) -> 11 | AF28: 07:00 A 14:00 - 15:00 A 19:00 | AG28: VIERNES 26 DE DICIEMBRE
A29: UNIFICADA | B29: NTGJMOR53 | D29: 21 | E29: MORALES MARTINEZ JOSUE JAVIER | F29: =SUM(G29:AD29) -> 8 | T29: 1 | U29: 1 | V29: 1 | W29: 1 | X29: 1 | Y29: 1 | Z29: 1 | AA29: 1 | AE29: =SUM(G29:AD29) -> 8 | AF29: 13:00 A 21:00 | AG29: VIERNES 26 DE DICIEMBRE
A30: UNIFICADA | B30: NTGJMOR48 | C30: 962757006 | D30: 22 | E30: MORENO NORIEGA JORGE OSVALDO | F30: =SUM(G30:AD30) -> 12 | N30: 1 | O30: 1 | P30: 1 | Q30: 1 | R30: 1 | S30: 1 | T30: 1 | U30: 1 | V30: 1 | X30: 1 | Y30: 1 | Z30: 1 | AE30: =SUM(G30:AD30) -> 12 | AF30: 07:00 A 16:00 - 17:00 A 20:00 | AG30: VIERNES 26 DE DICIEMBRE
A31: UNIFICADA | B31: NTGTMORC | D31: 23 | E31: MOROCHO CALDERON TANIA DENISSE | F31: =SUM(G31:AD31) -> 11 | O31: 1 | P31: 1 | Q31: 1 | R31: 1 | T31: 1 | U31: 1 | V31: 1 | W31: 1 | X31: 1 | Y31: 1 | Z31: 1 | AE31: =SUM(G31:AD31) -> 11 | AF31: 08:00 A 12:00 - 13:00 A 20:00 | AG31: VIERNES 26 DE DICIEMBRE
A32: UNIFICADA | B32: NTGKNARM | C32: 995055956 | D32: 24 | E32: NARVAEZ MALDONADO KARLA JULIET | F32: =SUM(G32:AD32) -> 12 | N32: 1 | O32: 1 | P32: 1 | Q32: 1 | R32: 1 | S32: 1 | U32: 1 | V32: 1 | W32: 1 | X32: 1 | Y32: 1 | Z32: 1 | AE32: =SUM(G32:AD32) -> 12 | AF32: 07:00 A 13:00 - 14:00 A 20:00 | AG32: VIERNES 26 DE DICIEMBRE
A33: UNIFICADA | B33: NTGMPALR | D33: 25 | E33: PALOMO RAMIREZ MAYERLI RAQUEL | F33: =SUM(G33:AD33) -> 6 | N33: 1 | O33: 1 | P33: 1 | Q33: 1 | R33: 1 | S33: 1 | AE33: =SUM(G33:AD33) -> 6 | AF33: 07:00 A 13:00 | AG33: VIERNES 26 DE DICIEMBRE
A34: UNIFICADA | B34: NTGJQUI50 | D34: 26 | E34: QUISPE PALACIOS JOSELYN YADIRA | F34: =SUM(G34:AD34) -> 8 | T34: 1 | V34: 1 | W34: 1 | X34: 1 | Y34: 1 | Z34: 1 | AA34: 1 | AB34: 1 | AE34: =SUM(G34:AD34) -> 8 | AF34: 13:00 A 14:00 - 15:00 A 22:00 | AG34: VIERNES 26 DE DICIEMBRE
A35: UNIFICADA | B35: NTGEQUI6 | C35: 990489779 | D35: 27 | E35: QUISHPE SIERRA ESTEBAN IGNACIO | F35: =SUM(G35:AD35) -> 12 | M35: 1 | N35: 1 | O35: 1 | P35: 1 | Q35: 1 | R35: 1 | S35: 1 | U35: 1 | V35: 1 | W35: 1 | X35: 1 | Y35: 1 | AE35: =SUM(G35:AD35) -> 12 | AF35: 06:00 A 13:00 - 14:00 A 19:00 | AG35: VIERNES 26 DE DICIEMBRE
A36: UNIFICADA | B36: NTGRQUIV | C36: 981074073 | D36: 28 | E36: QUITIAQUEZ VELASCO RICHARD DAVID | F36: =SUM(G36:AD36) -> 11 | N36: 1 | O36: 1 | P36: 1 | Q36: 1 | R36: 1 | S36: 1 | T36: 1 | U36: 1 | W36: 1 | X36: 1 | Y36: 1 | AE36: =SUM(G36:AD36) -> 11 | AF36: 07:00 A 15:00 - 16:00 A 19:00 | AG36: VIERNES 26 DE DICIEMBRE
A37: UNIFICADA | B37: NTGCROMA | D37: 29 | E37: ROMERO CARRION CARLOS HUMBERTO | F37: =SUM(G37:AD37) -> 11 | M37: 1 | N37: 1 | O37: 1 | P37: 1 | Q37: 1 | R37: 1 | S37: 1 | U37: 1 | V37: 1 | W37: 1 | X37: 1 | AE37: =SUM(G37:AD37) -> 11 | AF37: 06:00 A 13:00 - 14:00 A 18:00 | AG37: VIERNES 26 DE DICIEMBRE
A38: UNIFICADA | B38: NTGKRUBB | D38: 30 | E38: RUBIO BOADA KAREN NICOLE | F38: =SUM(G38:AD38) -> 10 | N38: 1 | O38: 1 | P38: 1 | Q38: 1 | R38: 1 | S38: 1 | T38: 1 | V38: 1 | W38: 1 | X38: 1 | AE38: =SUM(G38:AD38) -> 10 | AF38: 07:00 A 14:00 - 15:00 A 18:00 | AG38: VIERNES 26 DE DICIEMBRE
A39: UNIFICADA | B39: NTGASAMU | C39: 962936744 | D39: 31 | E39: SAMPEDRO BUÑAY ANA MARIA | F39: =SUM(G39:AD39) -> 6 | G39: 1 | H39: 1 | I39: 1 | J39: 1 | K39: 1 | L39: 1 | AE39: =SUM(G39:AD39) -> 6 | AF39: 00:00 A 06:00 | AG39: VIERNES 26 DE DICIEMBRE
A40: UNIFICADA | B40: NTGDTUAA | D40: 32 | E40: TUAPANTA CHANATAXI DANILO JAVIER | F40: =SUM(G40:AD40) -> 10 | M40: 1 | N40: 1 | O40: 1 | P40: 1 | Q40: 1 | R40: 1 | S40: 1 | U40: 1 | V40: 1 | W40: 1 | AE40: =SUM(G40:AD40) -> 10 | AF40: 06:00 A 13:00 - 14:00 A 17:00 | AG40: VIERNES 26 DE DICIEMBRE
A41: UNIFICADA | B41: NTGJUCHC | C41: 984490770 | D41: 33 | E41: UCHUPANTA CUASPA JONATHAN JOSE | F41: =SUM(G41:AD41) -> 11 | O41: 1 | P41: 1 | Q41: 1 | R41: 1 | S41: 1 | T41: 1 | V41: 1 | W41: 1 | X41: 1 | Y41: 1 | Z41: 1 | AE41: =SUM(G41:AD41) -> 11 | AF41: 08:00 A 14:00 - 15:00 A 20:00 | AG41: VIERNES 26 DE DICIEMBRE
A42: UNIFICADA | B42: NTGWULLC | C42: 979137365 | D42: 34 | E42: ULLCU COCHA WILMER MARIO | F42: =SUM(G42:AD42) -> 11 | N42: 1 | O42: 1 | P42: 1 | Q42: 1 | R42: 1 | S42: 1 | T42: 1 | V42: 1 | W42: 1 | X42: 1 | Y42: 1 | AE42: =SUM(G42:AD42) -> 11 | AF42: 07:00 A 14:00 - 15:00 A 19:00 | AG42: VIERNES 26 DE DICIEMBRE
A43: UNIFICADA | B43: NTGTZAMN | C43: 986256130 | D43: 35 | E43: ZAMBRANO NAPA TANIA LISBETH | F43: =SUM(G43:AD43) -> 11 | M43: 1 | N43: 1 | O43: 1 | P43: 1 | Q43: 1 | R43: 1 | T43: 1 | U43: 1 | V43: 1 | W43: 1 | X43: 1 | AE43: =SUM(G43:AD43) -> 11 | AF43: 06:00 A 12:00 - 13:00 A 18:00 | AG43: VIERNES 26 DE DICIEMBRE
A44: UNIFICADA | B44: NTGDZAML | D44: 36 | E44: ZAMBRANO SOLANO DIEGO ALEXANDER | F44: =SUM(G44:AD44) -> 10 | O44: 1 | P44: 1 | Q44: 1 | R44: 1 | S44: 1 | T44: 1 | V44: 1 | W44: 1 | X44: 1 | Y44: 1 | AE44: =SUM(G44:AD44) -> 10 | AF44: 08:00 A 14:00 - 15:00 A 19:00 | AG44: VIERNES 26 DE DICIEMBRE
A45: UNIFICADA | B45: NTGVZURN | C45: 998810875 | D45: 37 | E45: ZURITA NARVAEZ VERONICA CECILIA | F45: =SUM(G45:AD45) -> 12 | R45: 1 | S45: 1 | T45: 1 | V45: 1 | W45: 1 | X45: 1 | Y45: 1 | Z45: 1 | AA45: 1 | AB45: 1 | AC45: 1 | AD45: 1 | AE45: =SUM(G45:AD45) -> 12 | AF45: 11:00 A 14:00 - 15:00 A 00:00 | AG45: VIERNES 26 DE DICIEMBRE
A46: MONITOREOS | B46: NTGAALED | D46: 1 | E46: ALENCASTRO DELGADO ANGELO JOSUE | F46: 8 | G46: 1 | H46: 1 | I46: 1 | J46: 1 | K46: 1 | L46: 1 | V46: MONITOREOS BRM | AE46: 8 | AF46: 00:00 A 06:00 - 17:00 A 23:00 | AG46: VIERNES 26 DE DICIEMBRE
A47: MONITOREOS | B47: NTGMCAIA | C47: 962839078 | D47: 2 | E47: CAICEDO SIMBAÑA MATEO ANDRES | F47: 11 | S47: 1 | T47: 1 | U47: 1 | V47: MONITOREOS BRM | AE47: 11 | AF47: 12:00 A 23:00 | AG47: VIERNES 26 DE DICIEMBRE
A48: MONITOREOS | B48: NTGEMOR1 | C48: 990660059 | D48: 3 | E48: MORALES LIMA ERIKA ALEXANDRA | F48: 8 | V48: MONITOREOS BRM | AE48: 8 | AF48: 15:00 A 23:00 | AG48: VIERNES 26 DE DICIEMBRE
A49: MONITOREOS | B49: NTGSREAG | C49: 988941361 | D49: 4 | E49: REA GUACHAMIN SHIRLEY NICOLE | F49: 8 | V49: MONITOREOS BRM | AE49: 8 | AF49: 15:00 A 23:00 | AG49: VIERNES 26 DE DICIEMBRE
A50: MONITOREOS | B50: NTGDTACQ | D50: 5 | E50: TACURI QUICHIMBO DAYANA LIZETH | F50: 8 | V50: MONITOREOS BRM | AE50: 8 | AF50: 15:00 A 23:00 | AG50: VIERNES 26 DE DICIEMBRE
A51: MONITOREOS | B51: NTGMZUNO | C51: 982807786 | D51: 6 | E51: ZUÑIGA MORENO MISHELL STEFANIA | F51: 8 | V51: MONITOREOS BRM | AE51: 8 | AF51: 15:00 A 23:00 | AG51: VIERNES 26 DE DICIEMBRE
A52: CLIENTES VIP | B52: NTGMLOAS | C52: 984891008 | D52: 1 | E52: LOAIZA SISA MISHELLE JAZMIN | F52: 11 | S52: 1 | T52: 1 | U52: 1 | V52: CLIENTES VIP | AE52: 11 | AF52: 12:00 A 23:00 | AG52: VIERNES 26 DE DICIEMBRE
A53: CLIENTES VIP | B53: NTGDNICC | C53: 983356603 | D53: 2 | E53: NICOLALDE GARCIA DAIVERLYN IVETH | F53: 11 | N53: CLIENTES VIP | V53: 1 | W53: 1 | X53: 1 | AE53: 11 | AF53: 07:00 A 18:00 | AG53: VIERNES 26 DE DICIEMBRE
A54: SOPORTE DTH | B54: NTGMBAR2 | D54: 1 | E54: BARBOSA REASCOS MICHAEL JOSUE | F54: 11 | P54: SOPORTE DTH | AE54: 11 | AF54: 09:00 A 20:00 | AG54: VIERNES 26 DE DICIEMBRE
A55: SEG. TRANSFERENCIAS | D55: 1 | E55: FIGUEROA COELLO NATHALIA ESTEFANIA | F55: 12 | O55: SEGUIMIENTO TRANSFERENCIAS | AE55: 12 | AF55: 08:00 A 20:00 | AG55: VIERNES 26 DE DICIEMBRE
G56: 00:00 - 01:00 | H56: 01:00 - 02:00 | I56: 02:00 - 03:00 | J56: 03:00 - 04:00 | K56: 04:00 - 05:00 | L56: 05:00 - 06:00 | M56: 06:00 - 07:00 | N56: 07:00 - 08:00 | O56: 08:00 - 09:00 | P56: 09:00 - 10:00 | Q56: 10:00 - 11:00 | R56: 11:00 - 12:00 | S56: 12:00 - 13:00 | T56: 13:00 - 14:00 | U56: 14:00 - 15:00 | V56: 15:00 - 16:00 | W56: 16:00 - 17:00 | X56: 17:00 - 18:00 | Y56: 18:00 - 19:00 | Z56: 19:00 - 20:00 | AA56: 20:00 - 21:00 | AB56: 21:00 - 22:00 | AC56: 22:00 - 23:00 | AD56: 23:00 - 00:00
E58: DIMENSIONAMIENTO | G58: 2 | H58: 2 | I58: 2 | J58: 2 | K58: 2 | L58: 2 | M58: 3 | N58: 3 | O58: 7 | P58: 7 | Q58: 7 | R58: 7 | S58: 7 | T58: 7 | U58: 7 | V58: 7 | W58: 7 | X58: 7 | Y58: 7 | Z58: 7 | AA58: 5 | AB58: 4 | AC58: 2 | AD58: 2 | AE58: =SUM(G58:AD58) -> 115
G59: =G61-G58 -> 0 | H59: =H61-H58 -> 0 | I59: =I61-I58 -> 0 | J59: =J61-J58 -> 0 | K59: =K61-K58 -> 0 | L59: =L61-L58 -> 0 | M59: =M61-M58 -> 0 | N59: =N61-N58 -> 0 | ... AD59: =AD61-AD58 -> 0
E60: SOPORTE TÉCNICO | G60: 00:00 - 01:00 | H60: 01:00 - 02:00 | I60: 02:00 - 03:00 | J60: 03:00 - 04:00 | K60: 04:00 - 05:00 | L60: 05:00 - 06:00 | M60: 06:00 - 07:00 | N60: 07:00 - 08:00 | O60: 08:00 - 09:00 | P60: 09:00 - 10:00 | Q60: 10:00 - 11:00 | R60: 11:00 - 12:00 | S60: 12:00 - 13:00 | T60: 13:00 - 14:00 | U60: 14:00 - 15:00 | V60: 15:00 - 16:00 | W60: 16:00 - 17:00 | X60: 17:00 - 18:00 | Y60: 18:00 - 19:00 | Z60: 19:00 - 20:00 | AA60: 20:00 - 21:00 | AB60: 21:00 - 22:00 | AC60: 22:00 - 23:00 | AD60: 23:00 - 00:00
E61: ASESORES | F61: HT | G61: =SUM(G62:G72) -> 2 | H61: =SUM(H62:H72) -> 2 | I61: =SUM(I62:I72) -> 2 | J61: =SUM(J62:J72) -> 2 | K61: =SUM(K62:K72) -> 2 | L61: =SUM(L62:L72) -> 2 | M61: =SUM(M62:M72) -> 3 | N61: =SUM(N62:N72) -> 3 | ... AD61: =SUM(AD62:AD72) -> 2 | AE61: =SUM(G61:AD61) -> 116 | AF61: HORARIO ASISTENCIA | AG61: FECHA
A62: SOPORTE TÉCNICO | B62: NTGECHIT | C62: 996585473 | D62: 1 | E62: CHICAIZA ORTIZ ERIKA VANESSA | F62: =SUM(G62:AD62) -> 12 | N62: 1 | O62: 1 | P62: 1 | Q62: 1 | R62: 1 | T62: 1 | U62: 1 | V62: 1 | W62: 1 | X62: 1 | Y62: 1 | Z62: 1 | AE62: =SUM(G62:AD62) -> 12 | AF62: 07:00 A 12:00 - 13:00 A 20:00 | AG62: VIERNES 26 DE DICIEMBRE
A63: SOPORTE TÉCNICO | B63: NTGMCRUL | D63: 2 | E63: CRUZ ALVARADO MARIA ESTHELLA | F63: =SUM(G63:AD63) -> 11 | O63: 1 | P63: 1 | Q63: 1 | S63: 1 | T63: 1 | U63: 1 | V63: 1 | W63: 1 | X63: 1 | Y63: 1 | Z63: 1 | AE63: =SUM(G63:AD63) -> 11 | AF63: 08:00 A 11:00 - 12:00 A 20:00 | AG63: VIERNES 26 DE DICIEMBRE
A64: SOPORTE TÉCNICO | B64: NTGDCUNU | C64: 969250973 | D64: 3 | E64: CUNALATA GUANO DAYANA ESKARLETH | F64: =SUM(G64:AD64) -> 11 | M64: 1 | N64: 1 | O64: 1 | P64: 1 | Q64: 1 | R64: 1 | S64: 1 | T64: 1 | U64: 1 | V64: 1 | W64: 1 | AE64: =SUM(G64:AD64) -> 11 | AF64: 06:00 A 17:00 | AG64: VIERNES 26 DE DICIEMBRE
A65: SOPORTE TÉCNICO | B65: NTGWENRJ | C65: 990911747 | D65: 4 | E65: ENRIQUEZ JARAMILLO WENDY JAZMIN | F65: =SUM(G65:AD65) -> 11 | O65: 1 | P65: 1 | Q65: 1 | R65: 1 | S65: 1 | T65: 1 | U65: 1 | V65: 1 | W65: 1 | X65: 1 | Y65: 1 | AE65: =SUM(G65:AD65) -> 11 | AF65: 08:00 A 19:00 | AG65: VIERNES 26 DE DICIEMBRE
A66: SOPORTE TÉCNICO | B66: NTGKGAVA_1 | C66: 993901115 | D66: 5 | E66: GAVILANES AGUIRRE KLEVER GIOVANNY | F66: =SUM(G66:AD66) -> 14 | G66: 1 | H66: 1 | I66: 1 | J66: 1 | K66: 1 | L66: 1 | M66: 1 | X66: 1 | Y66: 1 | Z66: 1 | AA66: 1 | AB66: 1 | AC66: 1 | AD66: 1 | AE66: =SUM(G66:AD66) -> 14 | AF66: 00:00 A 07:00 - 17:00 A 00:00 | AG66: VIERNES 26 DE DICIEMBRE
A67: SOPORTE TÉCNICO | B67: NTGLMENR | C67: 992994680 | D67: 6 | E67: MENA RIERA LUIS FERNANDO | F67: =SUM(G67:AD67) -> 7 | X67: 1 | Y67: 1 | Z67: 1 | AA67: 1 | AB67: 1 | AC67: 1 | AD67: 1 | AE67: =SUM(G67:AD67) -> 7 | AF67: 17:00 A 00:00 | AG67: VIERNES 26 DE DICIEMBRE
A68: SOPORTE TÉCNICO | B68: NTGKPILQ | D68: 7 | E68: PILATAXI QUILLUPANGUI KATHYA MISHELL | F68: =SUM(G68:AD68) -> 6 | G68: 1 | H68: 1 | I68: 1 | J68: 1 | K68: 1 | L68: 1 | AE68: =SUM(G68:AD68) -> 6 | AF68: 00:00 A 06:00 | AG68: VIERNES 26 DE DICIEMBRE
A69: SOPORTE TÉCNICO | B69: NTGCCHA3 | D69: 8 | E69: CHAFUELAN CEDEÑO CRISTOPHER ALEJANDRO | F69: =SUM(G69:AD69) -> 12 | P69: 1 | Q69: 1 | R69: 1 | S69: 1 | T69: 1 | U69: 1 | V69: 1 | W69: 1 | X69: 1 | Z69: 1 | AA69: 1 | AB69: 1 | AE69: =SUM(G69:AD69) -> 12 | AF69: 09:00 A 14:00 - 15:00 A 22:00 | AG69: VIERNES 26 DE DICIEMBRE
A70: SOPORTE TÉCNICO | B70: NTGDGUEO | D70: 10 | E70: GUERREO LOPEZ DIEGO XAVIER | F70: =SUM(G70:AD70) -> 13 | O70: 1 | P70: 1 | Q70: 1 | R70: 1 | S70: 1 | T70: 1 | V70: 1 | W70: 1 | X70: 1 | Y70: 1 | Z70: 1 | AA70: 1 | AB70: 1 | AE70: =SUM(G70:AD70) -> 13 | AF70: 08:00 A 14:00 - 15:00 A 22:00 | AG70: VIERNES 26 DE DICIEMBRE
A71: SOPORTE TÉCNICO | B71: NTGTMUNO | D71: 11 | E71: MUÑOZ MORENO THOMAS SEBASTIAN | F71: =SUM(G71:AD71) -> 12 | O71: 1 | P71: 1 | Q71: 1 | R71: 1 | S71: 1 | U71: 1 | V71: 1 | W71: 1 | X71: 1 | Y71: 1 | Z71: 1 | AA71: 1 | AE71: =SUM(G71:AD71) -> 12 | AF71: 08:00 A 13:00 - 14:00 A 21:00 | AG71: VIERNES 26 DE DICIEMBRE
A72: SOPORTE TÉCNICO | B72: NTGMMUN0 | D72: 12 | E72: MUÑOZ PACHECO MARIA FERNANDA | F72: =SUM(G72:AD72) -> 7 | M72: 1 | N72: 1 | O72: 1 | P72: 1 | Q72: 1 | R72: 1 | S72: 1 | AE72: =SUM(G72:AD72) -> 7 | AF72: 06:00 A 13:00 | AG72: VIERNES 26 DE DICIEMBRE
G73: 00:00 - 01:00 | H73: 01:00 - 02:00 | I73: 02:00 - 03:00 | J73: 03:00 - 04:00 | K73: 04:00 - 05:00 | L73: 05:00 - 06:00 | M73: 06:00 - 07:00 | N73: 07:00 - 08:00 | O73: 08:00 - 09:00 | P73: 09:00 - 10:00 | Q73: 10:00 - 11:00 | R73: 11:00 - 12:00 | S73: 12:00 - 13:00 | T73: 13:00 - 14:00 | U73: 14:00 - 15:00 | V73: 15:00 - 16:00 | W73: 16:00 - 17:00 | X73: 17:00 - 18:00 | Y73: 18:00 - 19:00 | Z73: 19:00 - 20:00 | AA73: 20:00 - 21:00 | AB73: 21:00 - 22:00 | AC73: 22:00 - 23:00 | AD73: 23:00 - 00:00

Sheet 27
A1: Nomenclatura
A2: ATRASO | B2: REPOSO
A3: FALTA | B3: PAGO POR SOPORTE O ADICIONAL | D3: SÁBADO
A4: VACACIONES | B4: CAPACITACIÓN | E4: DIMENSIONAMIENTO | G4: 4 | H4: 3 | I4: 3 | J4: 3 | K4: 3 | L4: 3 | M4: 9 | N4: 12 | O4: 17 | P4: 20 | Q4: 24 | R4: 24 | S4: 22 | T4: 21 | U4: 19 | V4: 16 | W4: 16 | X4: 16 | Y4: 14 | Z4: 12 | AA4: 13 | AB4: 10 | AC4: 6 | AD4: 4 | AE4: =SUM(G4:AD4) -> 294 | AF4: =AE4/9 -> 32.666667
E5: 27 | G5: 00:00 - 01:00 | H5: 01:00 - 02:00 | I5: 02:00 - 03:00 | J5: 03:00 - 04:00 | K5: 04:00 - 05:00 | L5: 05:00 - 06:00 | M5: 06:00 - 07:00 | N5: 07:00 - 08:00 | O5: 08:00 - 09:00 | P5: 09:00 - 10:00 | Q5: 10:00 - 11:00 | R5: 11:00 - 12:00 | S5: 12:00 - 13:00 | T5: 13:00 - 14:00 | U5: 14:00 - 15:00 | V5: 15:00 - 16:00 | W5: 16:00 - 17:00 | X5: 17:00 - 18:00 | Y5: 18:00 - 19:00 | Z5: 19:00 - 20:00 | AA5: 20:00 - 21:00 | AB5: 21:00 - 22:00 | AC5: 22:00 - 23:00 | AD5: 23:00 - 00:00
G6: =G7-G4 -> 0 | H6: =H7-H4 -> 0 | I6: =I7-I4 -> 0 | J6: =J7-J4 -> 0 | K6: =K7-K4 -> 0 | L6: =L7-L4 -> 0 | M6: =M7-M4 -> -1 | N6: =N7-N4 -> 0 | ... AD6: =AD7-AD4 -> -1 | AE6: =SUM(G6:AD6) -> -20
A7: GESTIÓN | B7: USUARIO | C7: CONTACTO | D7: N° | E7: ASESORES | F7: HT | G7: =SUM(G8:G54) -> 4 | H7: =SUM(H8:H54) -> 3 | I7: =SUM(I8:I54) -> 3 | J7: =SUM(J8:J54) -> 3 | K7: =SUM(K8:K54) -> 3 | L7: =SUM(L8:L54) -> 3 | M7: =SUM(M8:M54) -> 8 | N7: =SUM(N8:N54) -> 12 | ... AD7: =SUM(AD8:AD54) -> 3 | AE7: =SUM(G7:AD7) -> 274 | AF7: HORARIO ASISTENCIA | AG7: FECHA
A8: UNIFICADA | B8: NTGLQUIS | D8: 0 | E8: QUISHPE SIERRA JOSE LUIS | F8: =SUM(G8:AD8) -> 0 | AE8: =SUM(G8:AD8) -> 0 | AF8: LIBRE | AG8: SÁBADO 27 DE DICIEMBRE
A9: UNIFICADA | B9: NTGBACUC | C9: 999600729 | D9: 1 | E9: ACUÑA CAISAGUANO BYRON DANILO | F9: =SUM(G9:AD9) -> 12 | G9: 1 | H9: 1 | I9: 1 | J9: 1 | K9: 1 | L9: 1 | M9: 1 | Z9: 1 | AA9: 1 | AB9: 1 | AC9: 1 | AD9: 1 | AE9: =SUM(G9:AD9) -> 12 | AF9: 00:00 A 07:00 - 19:00 A 00:00 | AG9: SÁBADO 27 DE DICIEMBRE
A10: UNIFICADA | B10: NTGBALED | C10: 984098910 | D10: 2 | E10: ALENCASTRO DELGADO BRIGITTE SCARLET | F10: =SUM(G10:AD10) -> 7 | G10: 1 | H10: 1 | I10: 1 | J10: 1 | K10: 1 | L10: 1 | M10: 1 | AE10: =SUM(G10:AD10) -> 7 | AF10: 00:00 A 07:00 | AG10: SÁBADO 27 DE DICIEMBRE
A11: UNIFICADA | B11: NTGBALEE | C11: 987983128 | D11: 3 | E11: ALENCASTRO DELGADO BRITANY SAMANTA | F11: =SUM(G11:AD11) -> 11 | M11: 1 | N11: 1 | O11: 1 | P11: 1 | Q11: 1 | R11: 1 | S11: 1 | T11: 1 | U11: 1 | V11: 1 | W11: 1 | AE11: =SUM(G11:AD11) -> 11 | AF11: 06:00 A 17:00 | AG11: SÁBADO 27 DE DICIEMBRE
A12: UNIFICADA | B12: NTGOAQUO | D12: 4 | E12: AQUINO ORELLANA OTILDA FRANCISCA | F12: =SUM(G12:AD12) -> 13 | N12: 1 | O12: 1 | P12: 1 | Q12: 1 | R12: 1 | S12: 1 | T12: 1 | U12: 1 | W12: 1 | X12: 1 | Y12: 1 | Z12: 1 | AA12: 1 | AE12: =SUM(G12:AD12) -> 13 | AF12: 07:00 A 15:00 - 16:00 A 21:00 | AG12: SÁBADO 27 DE DICIEMBRE
A13: UNIFICADA | B13: NTGAARIF | C13: 998223732 | D13: 5 | E13: ARIAS FARINANGO ARIEL FERNANDO | F13: =SUM(G13:AD13) -> 11 | M13: 1 | N13: 1 | O13: 1 | P13: 1 | Q13: 1 | R13: 1 | S13: 1 | U13: 1 | V13: 1 | W13: 1 | X13: 1 | AE13: =SUM(G13:AD13) -> 11 | AF13: 06:00 A 13:00 - 14:00 A 18:00 | AG13: SÁBADO 27 DE DICIEMBRE
A14: UNIFICADA | B14: NTGIARIN | D14: 6 | E14: ARIAS NARVAEZ ISIS ESCARLETH | F14: =SUM(G14:AD14) -> 0 | G14: 0 | H14: 0 | I14: 0 | J14: 0 | K14: 0 | L14: 0 | M14: 0 | N14: 0 | O14: 0 | P14: 0 | Q14: 0 | R14: 0 | S14: 0 | T14: 0 | U14: 0 | V14: 0 | W14: 0 | X14: 0 | Y14: 0 | Z14: 0 | AA14: 0 | AB14: 0 | AC14: 0 | AD14: 0 | AE14: =SUM(G14:AD14) -> 0 | AF14: LIBRE | AG14: SÁBADO 27 DE DICIEMBRE
A15: UNIFICADA | B15: NTGJBELL | C15: 979044107 | D15: 7 | E15: BELTRAN VILLALBA JENNIFER MIGREY | F15: =SUM(G15:AD15) -> 0 | G15: 0 | H15: 0 | I15: 0 | J15: 0 | K15: 0 | L15: 0 | M15: 0 | N15: 0 | O15: 0 | P15: 0 | Q15: 0 | R15: 0 | S15: 0 | T15: 0 | U15: 0 | V15: 0 | W15: 0 | X15: 0 | Y15: 0 | Z15: 0 | AA15: 0 | AB15: 0 | AC15: 0 | AD15: 0 | AE15: =SUM(G15:AD15) -> 0 | AF15: LIBRE | AG15: SÁBADO 27 DE DICIEMBRE
A16: UNIFICADA | B16: NTGJBEND_1 | C16: 995545886 | D16: 8 | E16: BENALCAZAR DUARTE JEANNETH GISSELA | F16: =SUM(G16:AD16) -> 11 | N16: 1 | O16: 1 | P16: 1 | Q16: 1 | R16: 1 | S16: 1 | T16: 1 | U16: 1 | W16: 1 | X16: 1 | Y16: 1 | AE16: =SUM(G16:AD16) -> 11 | AF16: 07:00 A 15:00 - 16:00 A 19:00 | AG16: SÁBADO 27 DE DICIEMBRE
A17: UNIFICADA | B17: NTGJBERO | C17: 968594141 | D17: 9 | E17: BERMEJO MALDONADO JONATHAN MAURICIO | F17: =SUM(G17:AD17) -> 13 | N17: 1 | O17: 1 | P17: 1 | Q17: 1 | R17: 1 | S17: 1 | T17: 1 | U17: 1 | W17: 1 | X17: 1 | Y17: 1 | Z17: 1 | AA17: 1 | AE17: =SUM(G17:AD17) -> 13 | AF17: 07:00 A 15:00 - 16:00 A 21:00 | AG17: SÁBADO 27 DE DICIEMBRE
A18: UNIFICADA | B18: NTGMCABU | D18: 10 | E18: CABASCANGO BUSE MARITZA ELIZABETH | F18: =SUM(G18:AD18) -> 0 | G18: 0 | H18: 0 | I18: 0 | J18: 0 | K18: 0 | L18: 0 | M18: 0 | N18: 0 | O18: 0 | P18: 0 | Q18: 0 | R18: 0 | S18: 0 | T18: 0 | U18: 0 | V18: 0 | W18: 0 | X18: 0 | Y18: 0 | Z18: 0 | AA18: 0 | AB18: 0 | AC18: 0 | AD18: 0 | AE18: =SUM(G18:AD18) -> 0 | AF18: LIBRE | AG18: SÁBADO 27 DE DICIEMBRE
A19: UNIFICADA | B19: NTGMCAR9 | C19: 989533877 | D19: 11 | E19: CARVAJAL RENGEL MARIA BELEN | F19: =SUM(G19:AD19) -> 0 | G19: V | H19: V | I19: V | J19: V | K19: V | L19: V | M19: V | N19: V | O19: V | P19: V | Q19: V | R19: V | S19: V | T19: V | U19: V | V19: V | W19: V | X19: V | Y19: V | Z19: V | AA19: V | AB19: V | AC19: V | AD19: V | AE19: =SUM(G19:AD19) -> 0 | AF19: VACACIONES | AG19: SÁBADO 27 DE DICIEMBRE
A20: UNIFICADA | B20: NTGTCHII | C20: 997829699 | D20: 12 | E20: CHINGA PITIUR TATIANA LIZBETH | F20: =SUM(G20:AD20) -> 0 | G20: 0 | H20: 0 | I20: 0 | J20: 0 | K20: 0 | L20: 0 | M20: 0 | N20: 0 | O20: 0 | P20: 0 | Q20: 0 | R20: 0 | S20: 0 | T20: 0 | U20: 0 | V20: 0 | W20: 0 | X20: 0 | Y20: 0 | Z20: 0 | AA20: 0 | AB20: 0 | AC20: 0 | AD20: 0 | AE20: =SUM(G20:AD20) -> 0 | AF20: LIBRE | AG20: SÁBADO 27 DE DICIEMBRE
A21: UNIFICADA | B21: NTGCCOLT | D21: 13 | E21: COLCHA TOAPANTA CINTHYA VANESSA | F21: =SUM(G21:AD21) -> 9 | G21: 1 | H21: 1 | I21: 1 | J21: 1 | K21: 1 | L21: 1 | S21: 1 | T21: 1 | U21: 1 | V21: CLIENTES VIP | AE21: 17 | AF21: 00:00 A 06:00 A 12:00 A 23:00 | AG21: SÁBADO 27 DE DICIEMBRE
A22: UNIFICADA | B22: NTGADELN | C22: 996303208 | D22: 14 | E22: DEL CASTILLO MANCHENO ANDRES DARIO | F22: =SUM(G22:AD22) -> 11 | M22: 1 | N22: 1 | O22: 1 | P22: 1 | Q22: 1 | R22: 1 | S22: 1 | T22: 1 | U22: 1 | V22: 1 | W22: 1 | AE22: =SUM(G22:AD22) -> 11 | AF22: 06:00 A 17:00 | AG22: SÁBADO 27 DE DICIEMBRE
A23: UNIFICADA | B23: NTGYGOMR | C23: 991837641 | D23: 15 | E23: GOMEZ ROSALES YANINA BELEN | F23: =SUM(G23:AD23) -> 0 | G23: 0 | H23: 0 | I23: 0 | J23: 0 | K23: 0 | L23: 0 | M23: 0 | N23: 0 | O23: 0 | P23: 0 | Q23: 0 | R23: 0 | S23: 0 | T23: 0 | U23: 0 | V23: 0 | W23: 0 | X23: 0 | Y23: 0 | Z23: 0 | AA23: 0 | AB23: 0 | AC23: 0 | AD23: 0 | AE23: =SUM(G23:AD23) -> 0 | AF23: LIBRE | AG23: SÁBADO 27 DE DICIEMBRE
A24: UNIFICADA | B24: NTGCGUAH | C24: 985570860 | D24: 16 | E24: GUANOLUISA REMACHE CHRISTIAN ALEXANDER | F24: =SUM(G24:AD24) -> 0 | G24: 0 | H24: 0 | I24: 0 | J24: 0 | K24: 0 | L24: 0 | M24: 0 | N24: 0 | O24: 0 | P24: 0 | Q24: 0 | R24: 0 | S24: 0 | T24: 0 | U24: 0 | V24: 0 | W24: 0 | X24: 0 | Y24: 0 | Z24: 0 | AA24: 0 | AB24: 0 | AC24: 0 | AD24: 0 | AE24: =SUM(G24:AD24) -> 0 | AF24: LIBRE | AG24: SÁBADO 27 DE DICIEMBRE
A25: UNIFICADA | B25: NTGLJACC | C25: 961816449 | D25: 17 | E25: JACOME CAMACHO LUIS HUMBERTO | F25: =SUM(G25:AD25) -> 11 | M25: 1 | N25: 1 | O25: 1 | P25: 1 | Q25: 1 | R25: 1 | S25: 1 | T25: 1 | U25: 1 | V25: 1 | W25: 1 | AE25: =SUM(G25:AD25) -> 11 | AF25: 06:00 A 17:00 | AG25: SÁBADO 27 DE DICIEMBRE
A26: UNIFICADA | B26: NTGMJIM0 | C26: 989858490 | D26: 18 | E26: JIMENEZ SILVA MIRIAN PAMELA | F26: =SUM(G26:AD26) -> 4 | O26: 1 | P26: 1 | Q26: 1 | R26: 1 | AE26: =SUM(G26:AD26) -> 4 | AF26: 08:00 A 12:00 | AG26: SÁBADO 27 DE DICIEMBRE
A27: UNIFICADA | B27: NTGELECS | C27: 988957267 | D27: 19 | E27: LECHON SANDOVAL ERICK FERNANDO | F27: =SUM(G27:AD27) -> 13 | P27: 1 | Q27: 1 | R27: 1 | S27: 1 | T27: 1 | U27: 1 | V27: 1 | X27: 1 | Y27: 1 | Z27: 1 | AA27: 1 | AB27: 1 | AC27: 1 | AE27: =SUM(G27:AD27) -> 13 | AF27: 09:00 A 16:00 - 17:00 A 23:00 | AG27: SÁBADO 27 DE DICIEMBRE
A28: UNIFICADA | B28: NTGJMEN13 | D28: 20 | E28: MENDOZA PALACIOS JHON HENRY | F28: =SUM(G28:AD28) -> 11 | N28: 1 | O28: 1 | P28: 1 | Q28: 1 | R28: 1 | S28: 1 | T28: 1 | V28: 1 | W28: 1 | X28: 1 | Y28: 1 | AE28: =SUM(G28:AD28) -> 11 | AF28: 07:00 A 14:00 - 15:00 A 19:00 | AG28: SÁBADO 27 DE DICIEMBRE
A29: UNIFICADA | B29: NTGJMOR53 | D29: 21 | E29: MORALES MARTINEZ JOSUE JAVIER | F29: =SUM(G29:AD29) -> 10 | U29: 1 | V29: 1 | W29: 1 | X29: 1 | Y29: 1 | Z29: 1 | AA29: 1 | AB29: 1 | AC29: 1 | AD29: 1 | AE29: =SUM(G29:AD29) -> 10 | AF29: 14:00 A 00:00 | AG29: SÁBADO 27 DE DICIEMBRE
A30: UNIFICADA | B30: NTGJMOR48 | C30: 962757006 | D30: 22 | E30: MORENO NORIEGA JORGE OSVALDO | F30: =SUM(G30:AD30) -> 13 | O30: 1 | P30: 1 | Q30: 1 | R30: 1 | S30: 1 | T30: 1 | U30: 1 | V30: 1 | X30: 1 | Y30: 1 | Z30: 1 | AA30: 1 | AB30: 1 | AE30: =SUM(G30:AD30) -> 13 | AF30: 08:00 A 16:00 - 17:00 A 22:00 | AG30: SÁBADO 27 DE DICIEMBRE
A31: UNIFICADA | B31: NTGTMORC | D31: 23 | E31: MOROCHO CALDERON TANIA DENISSE | F31: =SUM(G31:AD31) -> 0 | G31: 0 | H31: 0 | I31: 0 | J31: 0 | K31: 0 | L31: 0 | M31: 0 | N31: 0 | O31: 0 | P31: 0 | Q31: 0 | R31: 0 | S31: 0 | T31: 0 | U31: 0 | V31: 0 | W31: 0 | X31: 0 | Y31: 0 | Z31: 0 | AA31: 0 | AB31: 0 | AC31: 0 | AD31: 0 | AE31: =SUM(G31:AD31) -> 0 | AF31: LIBRE | AG31: SÁBADO 27 DE DICIEMBRE
A32: UNIFICADA | B32: NTGKNARM | C32: 995055956 | D32: 24 | E32: NARVAEZ MALDONADO KARLA JULIET | F32: =SUM(G32:AD32) -> 10 | M32: FI | N32: 1 | O32: 1 | P32: 1 | Q32: 1 | R32: 1 | S32: 1 | U32: 1 | V32: 1 | W32: 1 | X32: 1 | AE32: =SUM(G32:AD32) -> 10 | AF32: 06:00 A 13:00 - 14:00 A 18:00 | AG32: SÁBADO 27 DE DICIEMBRE
A33: UNIFICADA | B33: NTGMPALR | D33: 25 | E33: PALOMO RAMIREZ MAYERLI RAQUEL | F33: =SUM(G33:AD33) -> 0 | G33: 0 | H33: 0 | I33: 0 | J33: 0 | K33: 0 | L33: 0 | M33: 0 | N33: 0 | O33: 0 | P33: 0 | Q33: 0 | R33: 0 | S33: 0 | T33: 0 | U33: 0 | V33: 0 | W33: 0 | X33: 0 | Y33: 0 | Z33: 0 | AA33: 0 | AB33: 0 | AC33: 0 | AD33: 0 | AE33: =SUM(G33:AD33) -> 0 | AF33: LIBRE | AG33: SÁBADO 27 DE DICIEMBRE
A34: UNIFICADA | B34: NTGJQUI50 | D34: 26 | E34: QUISPE PALACIOS JOSELYN YADIRA | F34: =SUM(G34:AD34) -> 13 | P34: 1 | Q34: 1 | R34: 1 | S34: 1 | T34: 1 | U34: 1 | V34: 1 | X34: 1 | Y34: 1 | Z34: 1 | AA34: 1 | AB34: 1 | AC34: 1 | AE34: =SUM(G34:AD34) -> 13 | AF34: 09:00 A 16:00 - 17:00 A 23:00 | AG34: SÁBADO 27 DE DICIEMBRE
A35: UNIFICADA | B35: NTGEQUI6 | C35: 990489779 | D35: 27 | E35: QUISHPE SIERRA ESTEBAN IGNACIO | F35: =SUM(G35:AD35) -> 0 | Y35: FI | Z35: FI | AA35: FI | AB35: FI | AC35: FI | AD35: FI | AE35: =SUM(G35:AD35) -> 0 | AF35: 18:00 A 00:00 | AG35: SÁBADO 27 DE DICIEMBRE
A36: UNIFICADA | B36: NTGRQUIV | C36: 981074073 | D36: 28 | E36: QUITIAQUEZ VELASCO RICHARD DAVID | F36: =SUM(G36:AD36) -> 12 | M36: 1 | N36: 1 | O36: 1 | P36: 1 | Q36: 1 | R36: 1 | S36: 1 | T36: 1 | U36: 1 | V36: 1 | W36: 1 | X36: 1 | AE36: =SUM(G36:AD36) -> 12 | AF36: 06:00 A 18:00 | AG36: SÁBADO 27 DE DICIEMBRE
A37: UNIFICADA | B37: NTGCROMA | D37: 29 | E37: ROMERO CARRION CARLOS HUMBERTO | F37: =SUM(G37:AD37) -> 11 | M37: 1 | N37: 1 | O37: 1 | P37: 1 | Q37: 1 | R37: 1 | T37: 1 | U37: 1 | V37: 1 | W37: 1 | X37: 1 | AE37: =SUM(G37:AD37) -> 11 | AF37: 06:00 A 12:00 - 13:00 A 18:00 | AG37: SÁBADO 27 DE DICIEMBRE
A38: UNIFICADA | B38: NTGKRUBB | D38: 30 | E38: RUBIO BOADA KAREN NICOLE | F38: =SUM(G38:AD38) -> 11 | N38: 1 | O38: 1 | P38: 1 | Q38: 1 | R38: 1 | S38: 1 | T38: 1 | U38: 1 | V38: 1 | W38: 1 | X38: 1 | AE38: =SUM(G38:AD38) -> 11 | AF38: 07:00 A 18:00 | AG38: SÁBADO 27 DE DICIEMBRE
A39: UNIFICADA | B39: NTGASAMU | C39: 962936744 | D39: 31 | E39: SAMPEDRO BUÑAY ANA MARIA | F39: =SUM(G39:AD39) -> 6 | Y39: 1 | Z39: 1 | AA39: 1 | AB39: 1 | AC39: 1 | AD39: 1 | AE39: =SUM(G39:AD39) -> 6 | AF39: 18:00 A 00:00 | AG39: SÁBADO 27 DE DICIEMBRE
A40: UNIFICADA | B40: NTGDTUAA | D40: 32 | E40: TUAPANTA CHANATAXI DANILO JAVIER | F40: =SUM(G40:AD40) -> 0 | G40: 0 | H40: 0 | I40: 0 | J40: 0 | K40: 0 | L40: 0 | M40: 0 | N40: 0 | O40: 0 | P40: 0 | Q40: 0 | R40: 0 | S40: 0 | T40: 0 | U40: 0 | V40: 0 | W40: 0 | X40: 0 | Y40: 0 | Z40: 0 | AA40: 0 | AB40: 0 | AC40: 0 | AD40: 0 | AE40: =SUM(G40:AD40) -> 0 | AF40: LIBRE | AG40: SÁBADO 27 DE DICIEMBRE
A41: UNIFICADA | B41: NTGJUCHC | C41: 984490770 | D41: 33 | E41: UCHUPANTA CUASPA JONATHAN JOSE | F41: =SUM(G41:AD41) -> 13 | O41: 1 | P41: 1 | Q41: 1 | R41: 1 | S41: 1 | T41: 1 | U41: 1 | V41: 1 | X41: 1 | Y41: 1 | Z41: 1 | AA41: 1 | AB41: 1 | AE41: =SUM(G41:AD41) -> 13 | AF41: 08:00 A 16:00 - 17:00 A 22:00 | AG41: SÁBADO 27 DE DICIEMBRE
A42: UNIFICADA | B42: NTGWULLC | C42: 979137365 | D42: 34 | E42: ULLCU COCHA WILMER MARIO | F42: =SUM(G42:AD42) -> 0 | G42: 0 | H42: 0 | I42: 0 | J42: 0 | K42: 0 | L42: 0 | M42: 0 | N42: 0 | O42: 0 | P42: 0 | Q42: 0 | R42: 0 | S42: 0 | T42: 0 | U42: 0 | V42: 0 | W42: 0 | X42: 0 | Y42: 0 | Z42: 0 | AA42: 0 | AB42: 0 | AC42: 0 | AD42: 0 | AE42: =SUM(G42:AD42) -> 0 | AF42: LIBRE | AG42: SÁBADO 27 DE DICIEMBRE
A43: UNIFICADA | B43: NTGTZAMN | C43: 986256130 | D43: 35 | E43: ZAMBRANO NAPA TANIA LISBETH | F43: =SUM(G43:AD43) -> 13 | O43: 1 | P43: 1 | Q43: 1 | R43: 1 | S43: 1 | T43: 1 | U43: 1 | W43: 1 | X43: 1 | Y43: 1 | Z43: 1 | AA43: 1 | AB43: 1 | AE43: =SUM(G43:AD43) -> 13 | AF43: 08:00 A 15:00 - 16:00 A 22:00 | AG43: SÁBADO 27 DE DICIEMBRE
A44: UNIFICADA | B44: NTGDZAML | D44: 36 | E44: ZAMBRANO SOLANO DIEGO ALEXANDER | F44: =SUM(G44:AD44) -> 0 | G44: 0 | H44: 0 | I44: 0 | J44: 0 | K44: 0 | L44: 0 | M44: 0 | N44: 0 | O44: 0 | P44: 0 | Q44: 0 | R44: 0 | S44: 0 | T44: 0 | U44: 0 | V44: 0 | W44: 0 | X44: 0 | Y44: 0 | Z44: 0 | AA44: 0 | AB44: 0 | AC44: 0 | AD44: 0 | AE44: =SUM(G44:AD44) -> 0 | AF44: LIBRE | AG44: SÁBADO 27 DE DICIEMBRE
A45: UNIFICADA | B45: NTGVZURN | C45: 998810875 | D45: 37 | E45: ZURITA NARVAEZ VERONICA CECILIA | F45: =SUM(G45:AD45) -> 1 | G45: 1 | H45: 0 | I45: 0 | J45: 0 | K45: 0 | L45: 0 | M45: 0 | N45: 0 | O45: 0 | P45: 0 | Q45: 0 | R45: 0 | S45: 0 | T45: 0 | U45: 0 | V45: 0 | W45: 0 | X45: 0 | Y45: 0 | Z45: 0 | AA45: 0 | AB45: 0 | AC45: 0 | AD45: 0 | AE45: =SUM(G45:AD45) -> 1 | AF45: 00:00 A 01:00 | AG45: SÁBADO 27 DE DICIEMBRE
A46: MONITOREOS | B46: NTGAALED | C46: 983804379 | D46: 1 | E46: ALENCASTRO DELGADO ANGELO JOSUE | F46: 12 | Q46: 1 | R46: 1 | S46: 1 | T46: 1 | V46: MONITOREOS BRM | AE46: 12 | AF46: 10:00 A 14:00 - 15:00 A 23:00 | AG46: SÁBADO 27 DE DICIEMBRE
A47: MONITOREOS | B47: NTGMCAIA | C47: 962839078 | D47: 2 | E47: CAICEDO SIMBAÑA MATEO ANDRES | F47: 12 | Q47: 1 | R47: 1 | S47: 1 | T47: 1 | V47: MONITOREOS BRM | AE47: 12 | AF47: 10:00 A 14:00 - 15:00 A 23:00 | AG47: SÁBADO 27 DE DICIEMBRE
A48: MONITOREOS | B48: NTGEMOR1 | C48: 990660059 | D48: 3 | E48: MORALES LIMA ERIKA ALEXANDRA | F48: 12 | Q48: 1 | R48: 1 | S48: 1 | T48: 1 | V48: MONITOREOS BRM | AE48: 12 | AF48: 10:00 A 14:00 - 15:00 A 23:00 | AG48: SÁBADO 27 DE DICIEMBRE
A49: MONITOREOS | B49: NTGSREAG | C49: 988941361 | D49: 4 | E49: REA GUACHAMIN SHIRLEY NICOLE | F49: 13 | P49: 1 | Q49: 1 | R49: 1 | S49: 1 | T49: 1 | V49: MONITOREOS BRM | AE49: 13 | AF49: 09:00 A 14:00 - 15:00 A 23:00 | AG49: SÁBADO 27 DE DICIEMBRE
A50: MONITOREOS | B50: NTGDTACQ | D50: 5 | E50: TACURI QUICHIMBO DAYANA LIZETH | F50: 5 | V50: MO | W50: NI | X50: TO | Y50: RE | Z50: OS | AA50: FI | AB50: FI | AC50: FI | AD50: FI | AE50: 5 | AF50: 15:00 A 00:00 | AG50: SÁBADO 27 DE DICIEMBRE
A51: MONITOREOS | B51: NTGMZUNO | C51: 982807786 | D51: 6 | E51: ZUÑIGA MORENO MISHELL STEFANIA | F51: 13 | Q51: 1 | R51: 1 | S51: 1 | T51: 1 | V51: MONITOREOS BRM | AE51: 13 | AF51: 10:00 A 14:00 - 15:00 A 23:00 | AG51: SÁBADO 27 DE DICIEMBRE
A52: CLIENTES VIP | B52: NTGMLOAS | C52: 984891008 | D52: 1 | E52: LOAIZA SISA MISHELLE JAZMIN | F52: 0 | G52: 0 | H52: 0 | I52: 0 | J52: 0 | K52: 0 | L52: 0 | M52: 0 | N52: 0 | O52: 0 | P52: 0 | Q52: 0 | R52: 0 | S52: 0 | T52: 0 | U52: 0 | V52: 0 | W52: 0 | X52: 0 | Y52: 0 | Z52: 0 | AA52: 0 | AB52: 0 | AC52: 0 | AD52: 0 | AE52: =SUM(G52:AD52) -> 0 | AF52: LIBRE | AG52: SÁBADO 27 DE DICIEMBRE
A53: CLIENTES VIP | B53: NTGDNICC | C53: 983356603 | D53: 2 | E53: NICOLALDE GARCIA DAIVERLYN IVETH | F53: 11 | N53: CLIENTES VIP | V53: 1 | W53: 1 | X53: 1 | AE53: 11 | AF53: 07:00 A 18:00 | AG53: SÁBADO 27 DE DICIEMBRE
A54: SOPORTE DTH | B54: NTGMBAR2 | D54: 1 | E54: BARBOSA REASCOS MICHAEL JOSUE | F54: 11 | P54: SOPORTE DTH | AE54: 11 | AF54: 09:00 A 20:00 | AG54: SÁBADO 27 DE DICIEMBRE
A55: SEG. TRANSFERENCIAS | D55: 1 | E55: FIGUEROA COELLO NATHALIA ESTEFANIA | F55: 12 | O55: SEGUIMIENTO TRANSFERENCIAS | AE55: 12 | AF55: 08:00 A 20:00 | AG55: SÁBADO 27 DE DICIEMBRE
G56: 00:00 - 01:00 | H56: 01:00 - 02:00 | I56: 02:00 - 03:00 | J56: 03:00 - 04:00 | K56: 04:00 - 05:00 | L56: 05:00 - 06:00 | M56: 06:00 - 07:00 | N56: 07:00 - 08:00 | O56: 08:00 - 09:00 | P56: 09:00 - 10:00 | Q56: 10:00 - 11:00 | R56: 11:00 - 12:00 | S56: 12:00 - 13:00 | T56: 13:00 - 14:00 | U56: 14:00 - 15:00 | V56: 15:00 - 16:00 | W56: 16:00 - 17:00 | X56: 17:00 - 18:00 | Y56: 18:00 - 19:00 | Z56: 19:00 - 20:00 | AA56: 20:00 - 21:00 | AB56: 21:00 - 22:00 | AC56: 22:00 - 23:00 | AD56: 23:00 - 00:00
E58: DIMENSIONAMIENTO | G58: 2 | H58: 2 | I58: 2 | J58: 2 | K58: 2 | L58: 2 | M58: 3 | N58: 3 | O58: 4 | P58: 6 | Q58: 6 | R58: 6 | S58: 6 | T58: 6 | U58: 6 | V58: 6 | W58: 5 | X58: 5 | Y58: 5 | Z58: 4 | AA58: 4 | AB58: 3 | AC58: 2 | AD58: 2 | AE58: =SUM(G58:AD58) -> 94
G59: =G61-G58 -> 0 | H59: =H61-H58 -> 0 | I59: =I61-I58 -> 0 | J59: =J61-J58 -> 0 | K59: =K61-K58 -> 0 | L59: =L61-L58 -> 0 | M59: =M61-M58 -> 0 | N59: =N61-N58 -> 0 | ... AD59: =AD61-AD58 -> 0
E60: SOPORTE TÉCNICO | G60: 00:00 - 01:00 | H60: 01:00 - 02:00 | I60: 02:00 - 03:00 | J60: 03:00 - 04:00 | K60: 04:00 - 05:00 | L60: 05:00 - 06:00 | M60: 06:00 - 07:00 | N60: 07:00 - 08:00 | O60: 08:00 - 09:00 | P60: 09:00 - 10:00 | Q60: 10:00 - 11:00 | R60: 11:00 - 12:00 | S60: 12:00 - 13:00 | T60: 13:00 - 14:00 | U60: 14:00 - 15:00 | V60: 15:00 - 16:00 | W60: 16:00 - 17:00 | X60: 17:00 - 18:00 | Y60: 18:00 - 19:00 | Z60: 19:00 - 20:00 | AA60: 20:00 - 21:00 | AB60: 21:00 - 22:00 | AC60: 22:00 - 23:00 | AD60: 23:00 - 00:00
E61: ASESORES | F61: HT | G61: =SUM(G62:G72) -> 2 | H61: =SUM(H62:H72) -> 2 | I61: =SUM(I62:I72) -> 2 | J61: =SUM(J62:J72) -> 2 | K61: =SUM(K62:K72) -> 2 | L61: =SUM(L62:L72) -> 2 | M61: =SUM(M62:M72) -> 3 | N61: =SUM(N62:N72) -> 3 | ... AD61: =SUM(AD62:AD72) -> 2 | AE61: =SUM(G61:AD61) -> 104 | AF61: HORARIO ASISTENCIA | AG61: FECHA
A62: SOPORTE TÉCNICO | B62: NTGECHIT | C62: 996585473 | D62: 1 | E62: CHICAIZA ORTIZ ERIKA VANESSA | F62: =SUM(G62:AD62) -> 12 | O62: 1 | P62: 1 | Q62: 1 | R62: 1 | T62: 1 | U62: 1 | V62: 1 | W62: 1 | X62: 1 | Y62: 1 | Z62: 1 | AA62: 1 | AE62: =SUM(G62:AD62) -> 12 | AF62: 08:00 A 12:00 - 13:00 A 21:00 | AG62: SÁBADO 27 DE DICIEMBRE
A63: SOPORTE TÉCNICO | B63: NTGMCRUL | D63: 2 | E63: CRUZ ALVARADO MARIA ESTHELLA | F63: =SUM(G63:AD63) -> 10 | P63: 1 | Q63: 1 | R63: 1 | S63: 1 | T63: 1 | U63: 1 | V63: 1 | W63: 1 | X63: 1 | Y63: 1 | AE63: =SUM(G63:AD63) -> 10 | AF63: 09:00 A 13:00 - 14:00 A 19:00 | AG63: SÁBADO 27 DE DICIEMBRE
A64: SOPORTE TÉCNICO | B64: NTGDCUNU | C64: 969250973 | D64: 3 | E64: CUNALATA GUANO DAYANA ESKARLETH | F64: =SUM(G64:AD64) -> 0 | G64: 0 | H64: 0 | I64: 0 | J64: 0 | K64: 0 | L64: 0 | M64: 0 | N64: 0 | O64: 0 | P64: 0 | Q64: 0 | R64: 0 | S64: 0 | T64: 0 | U64: 0 | V64: 0 | W64: 0 | X64: 0 | Y64: 0 | Z64: 0 | AA64: 0 | AB64: 0 | AC64: 0 | AD64: 0 | AE64: =SUM(G64:AD64) -> 0 | AF64: LIBRE | AG64: SÁBADO 27 DE DICIEMBRE
A65: SOPORTE TÉCNICO | B65: NTGWENRJ | C65: 990911747 | D65: 4 | E65: ENRIQUEZ JARAMILLO WENDY JAZMIN | F65: =SUM(G65:AD65) -> 11 | M65: 1 | N65: 1 | O65: 1 | P65: 1 | Q65: 1 | R65: 1 | S65: 1 | T65: 1 | U65: 1 | V65: 1 | W65: 1 | AE65: =SUM(G65:AD65) -> 11 | AF65: 06:00 A 17:00 | AG65: SÁBADO 27 DE DICIEMBRE
A66: SOPORTE TÉCNICO | B66: NTGKGAVA_1 | C66: 993901115 | D66: 5 | E66: GAVILANES AGUIRRE KLEVER GIOVANNY | F66: =SUM(G66:AD66) -> 7 | G66: 1 | H66: 1 | I66: 1 | J66: 1 | K66: 1 | L66: 1 | M66: 1 | AE66: =SUM(G66:AD66) -> 7 | AF66: 00:00 A 07:00 | AG66: SÁBADO 27 DE DICIEMBRE
A67: SOPORTE TÉCNICO | B67: NTGLMENR | C67: 992994680 | D67: 6 | E67: MENA RIERA LUIS FERNANDO | F67: =SUM(G67:AD67) -> 12 | G67: 1 | H67: 1 | I67: 1 | J67: 1 | K67: 1 | L67: 1 | Y67: 1 | Z67: 1 | AA67: 1 | AB67: 1 | AC67: 1 | AD67: 1 | AE67: =SUM(G67:AD67) -> 12 | AF67: 00:00 A 06:00 - 18:00 A 00:00 | AG67: SÁBADO 27 DE DICIEMBRE
A68: SOPORTE TÉCNICO | B68: NTGKPILQ | D68: 7 | E68: PILATAXI QUILLUPANGUI KATHYA MISHELL | F68: =SUM(G68:AD68) -> 6 | Y68: 1 | Z68: 1 | AA68: 1 | AB68: 1 | AC68: 1 | AD68: 1 | AE68: =SUM(G68:AD68) -> 6 | AF68: 18:00 A 00:00 | AG68: SÁBADO 27 DE DICIEMBRE
A69: SOPORTE TÉCNICO | B69: NTGCCHA3 | D69: 8 | E69: CHAFUELAN CEDEÑO CRISTOPHER ALEJANDRO | F69: =SUM(G69:AD69) -> 11 | M69: 1 | N69: 1 | O69: 1 | P69: 1 | Q69: 1 | R69: 1 | S69: 1 | T69: 1 | U69: 1 | V69: 1 | W69: 1 | AE69: =SUM(G69:AD69) -> 11 | AF69: 06:00 A 17:00 | AG69: SÁBADO 27 DE DICIEMBRE
A70: SOPORTE TÉCNICO | B70: NTGDGUEO | D70: 10 | E70: GUERREO LOPEZ DIEGO XAVIER | F70: =SUM(G70:AD70) -> 12 | P70: 1 | Q70: 1 | R70: 1 | S70: 1 | T70: 1 | U70: 1 | V70: 1 | X70: 1 | Y70: 1 | Z70: 1 | AA70: 1 | AB70: 1 | AE70: =SUM(G70:AD70) -> 12 | AF70: 09:00 A 15:00 - 16:00 A 22:00 | AG70: SÁBADO 27 DE DICIEMBRE
A71: SOPORTE TÉCNICO | B71: NTGTMUNO | D71: 11 | E71: MUÑOZ MORENO THOMAS SEBASTIAN | F71: =SUM(G71:AD71) -> 12 | O71: 1 | P71: 1 | Q71: 1 | R71: 1 | S71: 1 | U71: 1 | V71: 1 | W71: 1 | X71: 1 | Y71: 1 | Z71: 1 | AA71: 1 | AE71: =SUM(G71:AD71) -> 12 | AF71: 08:00 A 13:00 - 14:00 A 21:00 | AG71: SÁBADO 27 DE DICIEMBRE
A72: SOPORTE TÉCNICO | B72: NTGMMUN0 | D72: 12 | E72: MUÑOZ PACHECO MARIA FERNANDA | F72: =SUM(G72:AD72) -> 11 | N72: 1 | O72: 1 | P72: 1 | Q72: 1 | R72: 1 | S72: 1 | T72: 1 | U72: 1 | V72: 1 | W72: 1 | X72: 1 | AE72: =SUM(G72:AD72) -> 11 | AF72: 07:00 A 18:00 | AG72: SÁBADO 27 DE DICIEMBRE
G73: 00:00 - 01:00 | H73: 01:00 - 02:00 | I73: 02:00 - 03:00 | J73: 03:00 - 04:00 | K73: 04:00 - 05:00 | L73: 05:00 - 06:00 | M73: 06:00 - 07:00 | N73: 07:00 - 08:00 | O73: 08:00 - 09:00 | P73: 09:00 - 10:00 | Q73: 10:00 - 11:00 | R73: 11:00 - 12:00 | S73: 12:00 - 13:00 | T73: 13:00 - 14:00 | U73: 14:00 - 15:00 | V73: 15:00 - 16:00 | W73: 16:00 - 17:00 | X73: 17:00 - 18:00 | Y73: 18:00 - 19:00 | Z73: 19:00 - 20:00 | AA73: 20:00 - 21:00 | AB73: 21:00 - 22:00 | AC73: 22:00 - 23:00 | AD73: 23:00 - 00:00

Sheet 28
A1: Nomenclatura
A2: ATRASO | B2: REPOSO
A3: FALTA | B3: PAGO POR SOPORTE O ADICIONAL | D3: DOMINGO
A4: VACACIONES | B4: CAPACITACIÓN | E4: DIMENSIONAMIENTO | G4: 4 | H4: 3 | I4: 3 | J4: 3 | K4: 3 | L4: 3 | M4: 7 | N4: 10 | O4: 15 | P4: 18 | Q4: 22 | R4: 22 | S4: 20 | T4: 19 | U4: 17 | V4: 14 | W4: 14 | X4: 14 | Y4: 12 | Z4: 10 | AA4: 11 | AB4: 8 | AC4: 5 | AD4: 4 | AE4: =SUM(G4:AD4) -> 261 | AF4: =AE4/9 -> 29
E5: 28 | G5: 00:00 - 01:00 | H5: 01:00 - 02:00 | I5: 02:00 - 03:00 | J5: 03:00 - 04:00 | K5: 04:00 - 05:00 | L5: 05:00 - 06:00 | M5: 06:00 - 07:00 | N5: 07:00 - 08:00 | O5: 08:00 - 09:00 | P5: 09:00 - 10:00 | Q5: 10:00 - 11:00 | R5: 11:00 - 12:00 | S5: 12:00 - 13:00 | T5: 13:00 - 14:00 | U5: 14:00 - 15:00 | V5: 15:00 - 16:00 | W5: 16:00 - 17:00 | X5: 17:00 - 18:00 | Y5: 18:00 - 19:00 | Z5: 19:00 - 20:00 | AA5: 20:00 - 21:00 | AB5: 21:00 - 22:00 | AC5: 22:00 - 23:00 | AD5: 23:00 - 00:00
G6: =G7-G4 -> -1 | H6: =H7-H4 -> 0 | I6: =I7-I4 -> 0 | J6: =J7-J4 -> 0 | K6: =K7-K4 -> 0 | L6: =L7-L4 -> 0 | M6: =M7-M4 -> 0 | N6: =N7-N4 -> 0 | ... AD6: =AD7-AD4 -> 0 | AE6: =SUM(G6:AD6) -> 15
A7: GESTIÓN | B7: USUARIO | C7: CONTACTO | D7: N° | E7: ASESORES | F7: HT | G7: =SUM(G8:G54) -> 3 | H7: =SUM(H8:H54) -> 3 | I7: =SUM(I8:I54) -> 3 | J7: =SUM(J8:J54) -> 3 | K7: =SUM(K8:K54) -> 3 | L7: =SUM(L8:L54) -> 3 | M7: =SUM(M8:M54) -> 7 | N7: =SUM(N8:N54) -> 10 | ... AD7: =SUM(AD8:AD54) -> 4 | AE7: =SUM(G7:AD7) -> 276 | AF7: HORARIO ASISTENCIA | AG7: FECHA
A8: UNIFICADA | B8: NTGLQUIS | D8: 0 | E8: QUISHPE SIERRA JOSE LUIS | F8: =SUM(G8:AD8) -> 0 | G8: 0 | H8: 0 | I8: 0 | J8: 0 | K8: 0 | L8: 0 | M8: 0 | N8: 0 | O8: 0 | P8: 0 | Q8: 0 | R8: 0 | S8: 0 | T8: 0 | U8: 0 | V8: 0 | W8: 0 | X8: 0 | Y8: 0 | Z8: 0 | AA8: 0 | AB8: 0 | AC8: 0 | AD8: 0 | AE8: =SUM(G8:AD8) -> 0 | AF8: LIBRE | AG8: DOMINGO 28 DE DICIEMBRE
A9: UNIFICADA | B9: NTGBACUC | C9: 999600729 | D9: 1 | E9: ACUÑA CAISAGUANO BYRON DANILO | F9: =SUM(G9:AD9) -> 6 | G9: 1 | H9: 1 | I9: 1 | J9: 1 | K9: 1 | L9: 1 | AE9: =SUM(G9:AD9) -> 6 | AF9: 00:00 - 06:00 | AG9: DOMINGO 28 DE DICIEMBRE
A10: UNIFICADA | B10: NTGBALED | C10: 984098910 | D10: 2 | E10: ALENCASTRO DELGADO BRIGITTE SCARLET | F10: =SUM(G10:AD10) -> 7 | X10: 1 | Y10: 1 | Z10: 1 | AA10: 1 | AB10: 1 | AC10: 1 | AD10: 1 | AE10: =SUM(G10:AD10) -> 7 | AF10: 17:00 A 00:00 | AG10: DOMINGO 28 DE DICIEMBRE
A11: UNIFICADA | B11: NTGBALEE | C11: 987983128 | D11: 3 | E11: ALENCASTRO DELGADO BRITANY SAMANTA | F11: =SUM(G11:AD11) -> 12 | P11: 1 | Q11: 1 | R11: 1 | S11: 1 | T11: 1 | U11: 1 | V11: 1 | W11: 1 | X11: 1 | Z11: 1 | AA11: 1 | AB11: 1 | AE11: =SUM(G11:AD11) -> 12 | AF11: 09:00 A 18:00 - 19:00 A 22:00 | AG11: DOMINGO 28 DE DICIEMBRE
A12: UNIFICADA | B12: NTGOAQUO | D12: 4 | E12: AQUINO ORELLANA OTILDA FRANCISCA | F12: =SUM(G12:AD12) -> 0 | G12: 0 | H12: 0 | I12: 0 | J12: 0 | K12: 0 | L12: 0 | M12: 0 | N12: 0 | O12: 0 | P12: 0 | Q12: 0 | R12: 0 | S12: 0 | T12: 0 | U12: 0 | V12: 0 | W12: 0 | X12: 0 | Y12: 0 | Z12: 0 | AA12: 0 | AB12: 0 | AC12: 0 | AD12: 0 | AE12: =SUM(G12:AD12) -> 0 | AF12: LIBRE | AG12: DOMINGO 28 DE DICIEMBRE
A13: UNIFICADA | B13: NTGAARIF | C13: 998223732 | D13: 5 | E13: ARIAS FARINANGO ARIEL FERNANDO | F13: =SUM(G13:AD13) -> 8 | Q13: 1 | R13: 1 | S13: 1 | T13: 1 | U13: 1 | V13: 1 | W13: 1 | X13: 1 | AE13: =SUM(G13:AD13) -> 8 | AF13: 10:00 A 18:00 | AG13: DOMINGO 28 DE DICIEMBRE
A14: UNIFICADA | B14: NTGIARIN | D14: 6 | E14: ARIAS NARVAEZ ISIS ESCARLETH | F14: =SUM(G14:AD14) -> 11 | O14: 1 | P14: 1 | Q14: 1 | R14: 1 | S14: 1 | T14: 1 | U14: 1 | V14: 1 | X14: 1 | Y14: 1 | Z14: 1 | AE14: =SUM(G14:AD14) -> 11 | AF14: 08:00 A 16:00 - 17:00 A 20:00 | AG14: DOMINGO 28 DE DICIEMBRE
A15: UNIFICADA | B15: NTGJBELL | C15: 979044107 | D15: 7 | E15: BELTRAN VILLALBA JENNIFER MIGREY | F15: =SUM(G15:AD15) -> 10 | M15: 1 | N15: 1 | O15: 1 | P15: 1 | Q15: 1 | R15: 1 | S15: 1 | T15: 1 | U15: 1 | V15: 1 | AE15: =SUM(G15:AD15) -> 10 | AF15: 06:00 A 16:00 | AG15: DOMINGO 28 DE DICIEMBRE
A16: UNIFICADA | B16: NTGJBEND_1 | C16: 995545886 | D16: 8 | E16: BENALCAZAR DUARTE JEANNETH GISSELA | F16: =SUM(G16:AD16) -> 0 | G16: 0 | H16: 0 | I16: 0 | J16: 0 | K16: 0 | L16: 0 | M16: 0 | N16: 0 | O16: 0 | P16: 0 | Q16: 0 | R16: 0 | S16: 0 | T16: 0 | U16: 0 | V16: 0 | W16: 0 | X16: 0 | Y16: 0 | Z16: 0 | AA16: 0 | AB16: 0 | AC16: 0 | AD16: 0 | AE16: =SUM(G16:AD16) -> 0 | AF16: LIBRE | AG16: DOMINGO 28 DE DICIEMBRE
A17: UNIFICADA | B17: NTGJBERO | C17: 968594141 | D17: 9 | E17: BERMEJO MALDONADO JONATHAN MAURICIO | F17: =SUM(G17:AD17) -> 12 | P17: 1 | Q17: 1 | R17: 1 | S17: 1 | T17: 1 | U17: 1 | V17: 1 | W17: 1 | X17: 1 | Y17: 1 | Z17: 1 | AA17: 1 | AE17: =SUM(G17:AD17) -> 12 | AF17: 09:00 A 21:00 | AG17: DOMINGO 28 DE DICIEMBRE
A18: UNIFICADA | B18: NTGMCABU | D18: 10 | E18: CABASCANGO BUSE MARITZA ELIZABETH | F18: =SUM(G18:AD18) -> 11 | M18: 1 | N18: 1 | O18: 1 | P18: 1 | Q18: 1 | R18: 1 | S18: 1 | T18: 1 | U18: 1 | V18: 1 | W18: 1 | AE18: =SUM(G18:AD18) -> 11 | AF18: 06:00 A 17:00 | AG18: DOMINGO 28 DE DICIEMBRE
A19: UNIFICADA | B19: NTGMCAR9 | C19: 989533877 | D19: 11 | E19: CARVAJAL RENGEL MARIA BELEN | F19: =SUM(G19:AD19) -> 0 | G19: V | H19: V | I19: V | J19: V | K19: V | L19: V | M19: V | N19: V | O19: V | P19: V | Q19: V | R19: V | S19: V | T19: V | U19: V | V19: V | W19: V | X19: V | Y19: V | Z19: V | AA19: V | AB19: V | AC19: V | AD19: V | AE19: =SUM(G19:AD19) -> 0 | AF19: VACACIONES | AG19: DOMINGO 28 DE DICIEMBRE
A20: UNIFICADA | B20: NTGTCHII | C20: 997829699 | D20: 12 | E20: CHINGA PITIUR TATIANA LIZBETH | F20: =SUM(G20:AD20) -> 12 | O20: 1 | P20: 1 | Q20: 1 | R20: 1 | S20: 1 | T20: 1 | U20: 1 | V20: 1 | W20: 1 | Y20: 1 | Z20: 1 | AA20: 1 | AE20: =SUM(G20:AD20) -> 12 | AF20: 08:00 A 17:00 - 18:00 A 21:00 | AG20: DOMINGO 28 DE DICIEMBRE
A21: UNIFICADA | B21: NTGCCOLT | D21: 13 | E21: COLCHA TOAPANTA CINTHYA VANESSA | F21: =SUM(G21:AD21) -> 0 | G21: 0 | H21: 0 | I21: 0 | J21: 0 | K21: 0 | L21: 0 | M21: 0 | N21: 0 | O21: 0 | P21: 0 | Q21: 0 | R21: 0 | S21: 0 | T21: 0 | U21: 0 | V21: 0 | W21: 0 | X21: 0 | Y21: 0 | Z21: 0 | AA21: 0 | AB21: 0 | AC21: 0 | AD21: 0 | AE21: =SUM(G21:AD21) -> 0 | AF21: LIBRE | AG21: DOMINGO 28 DE DICIEMBRE
A22: UNIFICADA | B22: NTGADELN | C22: 996303208 | D22: 14 | E22: DEL CASTILLO MANCHENO ANDRES DARIO | F22: =SUM(G22:AD22) -> 0 | G22: 0 | H22: 0 | I22: 0 | J22: 0 | K22: 0 | L22: 0 | M22: 0 | N22: 0 | O22: 0 | P22: 0 | Q22: 0 | R22: 0 | S22: 0 | T22: 0 | U22: 0 | V22: 0 | W22: 0 | X22: 0 | Y22: 0 | Z22: 0 | AA22: 0 | AB22: 0 | AC22: 0 | AD22: 0 | AE22: =SUM(G22:AD22) -> 0 | AF22: LIBRE | AG22: DOMINGO 28 DE DICIEMBRE
A23: UNIFICADA | B23: NTGYGOMR | C23: 991837641 | D23: 15 | E23: GOMEZ ROSALES YANINA BELEN | F23: =SUM(G23:AD23) -> 0 | G23: 0 | H23: 0 | I23: 0 | J23: 0 | K23: 0 | L23: 0 | M23: 0 | N23: 0 | O23: 0 | P23: 0 | Q23: 0 | R23: 0 | S23: 0 | T23: 0 | U23: 0 | V23: 0 | W23: 0 | X23: 0 | Y23: 0 | Z23: 0 | AA23: 0 | AB23: 0 | AC23: 0 | AD23: 0 | AE23: =SUM(G23:AD23) -> 0 | AF23: LIBRE | AG23: DOMINGO 28 DE DICIEMBRE
A24: UNIFICADA | B24: NTGCGUAH | C24: 985570860 | D24: 16 | E24: GUANOLUISA REMACHE CHRISTIAN ALEXANDER | F24: =SUM(G24:AD24) -> 11 | N24: 1 | O24: 1 | P24: 1 | Q24: 1 | R24: 1 | S24: 1 | T24: 1 | U24: 1 | W24: 1 | X24: 1 | Y24: 1 | AE24: =SUM(G24:AD24) -> 11 | AF24: 07:00 A 15:00 - 16:00 A 19:00 | AG24: DOMINGO 28 DE DICIEMBRE
A25: UNIFICADA | B25: NTGLJACC | C25: 961816449 | D25: 17 | E25: JACOME CAMACHO LUIS HUMBERTO | F25: =SUM(G25:AD25) -> 10 | M25: 1 | N25: 1 | O25: 1 | P25: 1 | Q25: 1 | R25: 1 | S25: 1 | T25: 1 | V25: 1 | W25: 1 | AE25: =SUM(G25:AD25) -> 10 | AF25: 06:00 A 14:00 - 15:00 A 17:00 | AG25: DOMINGO 28 DE DICIEMBRE
A26: UNIFICADA | B26: NTGMJIM0 | C26: 989858490 | D26: 18 | E26: JIMENEZ SILVA MIRIAN PAMELA | F26: =SUM(G26:AD26) -> 14 | M26: 1 | N26: 1 | O26: 1 | P26: 1 | Q26: 1 | R26: 1 | S26: 1 | T26: 1 | U26: 1 | W26: 1 | X26: 1 | Y26: 1 | Z26: 1 | AA26: 1 | AE26: =SUM(G26:AD26) -> 14 | AF26: 06:00 A 15:00 - 16:00 A 19:00 | AG26: DOMINGO 28 DE DICIEMBRE
A27: UNIFICADA | B27: NTGELECS | C27: 988957267 | D27: 19 | E27: LECHON SANDOVAL ERICK FERNANDO | F27: =SUM(G27:AD27) -> 0 | G27: 0 | H27: 0 | I27: 0 | J27: 0 | K27: 0 | L27: 0 | M27: 0 | N27: 0 | O27: 0 | P27: 0 | Q27: 0 | R27: 0 | S27: 0 | T27: 0 | U27: 0 | V27: 0 | W27: 0 | X27: 0 | Y27: 0 | Z27: 0 | AA27: 0 | AB27: 0 | AC27: 0 | AD27: 0 | AE27: =SUM(G27:AD27) -> 0 | AF27: LIBRE | AG27: DOMINGO 28 DE DICIEMBRE
A28: UNIFICADA | B28: NTGJMEN13 | D28: 20 | E28: MENDOZA PALACIOS JHON HENRY | F28: =SUM(G28:AD28) -> 12 | M28: 1 | N28: 1 | O28: 1 | P28: 1 | Q28: 1 | R28: 1 | S28: 1 | T28: 1 | U28: 1 | W28: 1 | X28: 1 | Y28: 1 | AE28: =SUM(G28:AD28) -> 12 | AF28: 06:00 A 15:00 - 16:00 A 19:00 | AG28: DOMINGO 28 DE DICIEMBRE
A29: UNIFICADA | B29: NTGJMOR53 | D29: 21 | E29: MORALES MARTINEZ JOSUE JAVIER | F29: =SUM(G29:AD29) -> 16 | G29: 1 | H29: 1 | I29: 1 | J29: 1 | K29: 1 | L29: 1 | Q29: 1 | R29: 1 | S29: 1 | T29: 1 | U29: 1 | W29: 1 | X29: 1 | Y29: 1 | Z29: 1 | AA29: 1 | AE29: =SUM(G29:AD29) -> 16 | AF29: 00:00 A 06:00 -10:00 A 15:00 - 16:00 A 21:00 | AG29: DOMINGO 28 DE DICIEMBRE
A30: UNIFICADA | B30: NTGJMOR48 | C30: 962757006 | D30: 22 | E30: MORENO NORIEGA JORGE OSVALDO | F30: =SUM(G30:AD30) -> 0 | G30: 0 | H30: 0 | I30: 0 | J30: 0 | K30: 0 | L30: 0 | M30: 0 | N30: 0 | O30: 0 | P30: 0 | Q30: 0 | R30: 0 | S30: 0 | T30: 0 | U30: 0 | V30: 0 | W30: 0 | X30: 0 | Y30: 0 | Z30: 0 | AA30: 0 | AB30: 0 | AC30: 0 | AD30: 0 | AE30: =SUM(G30:AD30) -> 0 | AF30: LIBRE | AG30: DOMINGO 28 DE DICIEMBRE
A31: UNIFICADA | B31: NTGTMORC | D31: 23 | E31: MOROCHO CALDERON TANIA DENISSE | F31: =SUM(G31:AD31) -> 11 | O31: 1 | P31: 1 | Q31: 1 | R31: 1 | S31: 1 | T31: 1 | U31: 1 | V31: 1 | X31: 1 | Y31: 1 | Z31: 1 | AE31: =SUM(G31:AD31) -> 11 | AF31: 08:00 A 16:00 - 17:00 A 20:00 | AG31: DOMINGO 28 DE DICIEMBRE
A32: UNIFICADA | B32: NTGKNARM | C32: 995055956 | D32: 24 | E32: NARVAEZ MALDONADO KARLA JULIET | F32: =SUM(G32:AD32) -> 10 | R32: 1 | S32: 1 | T32: 1 | V32: 1 | W32: 1 | X32: 1 | Y32: 1 | Z32: 1 | AA32: 1 | AB32: 1 | AE32: =SUM(G32:AD32) -> 10 | AF32: 11:00 A 14:00 - 15:00 A 22:00 | AG32: DOMINGO 28 DE DICIEMBRE
A33: UNIFICADA | B33: NTGMPALR | D33: 25 | E33: PALOMO RAMIREZ MAYERLI RAQUEL | F33: =SUM(G33:AD33) -> 0 | G33: 0 | H33: 0 | I33: 0 | J33: 0 | K33: 0 | L33: 0 | M33: 0 | N33: 0 | O33: 0 | P33: 0 | Q33: 0 | R33: 0 | S33: 0 | T33: 0 | U33: 0 | V33: 0 | W33: 0 | X33: 0 | Y33: 0 | Z33: 0 | AA33: 0 | AB33: 0 | AC33: 0 | AD33: 0 | AE33: =SUM(G33:AD33) -> 0 | AF33: LIBRE | AG33: DOMINGO 28 DE DICIEMBRE
A34: UNIFICADA | B34: NTGJQUI50 | D34: 26 | E34: QUISPE PALACIOS JOSELYN YADIRA | F34: =SUM(G34:AD34) -> 6 | Q34: 1 | R34: 1 | AA34: 1 | AB34: 1 | AC34: 1 | AD34: 1 | AE34: =SUM(G34:AD34) -> 6 | AF34: 10:00 A 12:00 - 20:00 A 00:00 | AG34: DOMINGO 28 DE DICIEMBRE
A35: UNIFICADA | B35: NTGEQUI6 | C35: 990489779 | D35: 27 | E35: QUISHPE SIERRA ESTEBAN IGNACIO | F35: =SUM(G35:AD35) -> 6 | Y35: 1 | Z35: 1 | AA35: 1 | AB35: 1 | AC35: 1 | AD35: 1 | AE35: =SUM(G35:AD35) -> 6 | AF35: 18:00 A 00:00 | AG35: DOMINGO 28 DE DICIEMBRE
A36: UNIFICADA | B36: NTGRQUIV | C36: 981074073 | D36: 28 | E36: QUITIAQUEZ VELASCO RICHARD DAVID | F36: =SUM(G36:AD36) -> 10 | N36: 1 | O36: 1 | P36: 1 | Q36: 1 | R36: 1 | S36: 1 | T36: 1 | U36: 1 | V36: 1 | W36: 1 | AE36: =SUM(G36:AD36) -> 10 | AF36: 07:00 A 17:00 | AG36: DOMINGO 28 DE DICIEMBRE
A37: UNIFICADA | B37: NTGCROMA | D37: 29 | E37: ROMERO CARRION CARLOS HUMBERTO | F37: =SUM(G37:AD37) -> 10 | M37: 1 | N37: 1 | O37: 1 | P37: 1 | Q37: 1 | R37: 1 | S37: 1 | T37: 1 | V37: 1 | W37: 1 | AE37: =SUM(G37:AD37) -> 10 | AF37: 06:00 A 14:00 - 15:00 A 17:00 | AG37: DOMINGO 28 DE DICIEMBRE
A38: UNIFICADA | B38: NTGKRUBB | D38: 30 | E38: RUBIO BOADA KAREN NICOLE | F38: =SUM(G38:AD38) -> 0 | G38: 0 | H38: 0 | I38: 0 | J38: 0 | K38: 0 | L38: 0 | M38: 0 | N38: 0 | O38: 0 | P38: 0 | Q38: 0 | R38: 0 | S38: 0 | T38: 0 | U38: 0 | V38: 0 | W38: 0 | X38: 0 | Y38: 0 | Z38: 0 | AA38: 0 | AB38: 0 | AC38: 0 | AD38: 0 | AE38: =SUM(G38:AD38) -> 0 | AF38: LIBRE | AG38: DOMINGO 28 DE DICIEMBRE
A39: UNIFICADA | B39: NTGASAMU | C39: 962936744 | D39: 31 | E39: SAMPEDRO BUÑAY ANA MARIA | F39: =SUM(G39:AD39) -> 11 | G39: 1 | H39: 1 | I39: 1 | J39: 1 | K39: 1 | L39: 1 | M39: 1 | AA39: 1 | AB39: 1 | AC39: 1 | AD39: 1 | AE39: =SUM(G39:AD39) -> 11 | AF39: 00:00 A 07:00 - 20:00 A 00:00 | AG39: DOMINGO 28 DE DICIEMBRE
A40: UNIFICADA | B40: NTGDTUAA | D40: 32 | E40: TUAPANTA CHANATAXI DANILO JAVIER | F40: =SUM(G40:AD40) -> 11 | O40: 1 | P40: 1 | Q40: 1 | R40: 1 | S40: 1 | T40: 1 | U40: 1 | V40: 1 | W40: 1 | Y40: 1 | Z40: 1 | AE40: =SUM(G40:AD40) -> 11 | AF40: 08:00 A 17:00 - 18:00 A 20:00 | AG40: DOMINGO 28 DE DICIEMBRE
A41: UNIFICADA | B41: NTGJUCHC | C41: 984490770 | D41: 33 | E41: UCHUPANTA CUASPA JONATHAN JOSE | F41: =SUM(G41:AD41) -> 12 | P41: 1 | Q41: 1 | R41: 1 | S41: 1 | T41: 1 | U41: 1 | V41: 1 | X41: 1 | Y41: 1 | Z41: 1 | AA41: 1 | AB41: 1 | AE41: =SUM(G41:AD41) -> 12 | AF41: 09:00 A 16:00 - 17:00 A 22:00 | AG41: DOMINGO 28 DE DICIEMBRE
A42: UNIFICADA | B42: NTGWULLC | C42: 979137365 | D42: 34 | E42: ULLCU COCHA WILMER MARIO | F42: =SUM(G42:AD42) -> 11 | N42: 1 | O42: 1 | P42: 1 | Q42: 1 | R42: 1 | S42: 1 | T42: 1 | U42: 1 | V42: 1 | X42: 1 | Y42: 1 | AE42: =SUM(G42:AD42) -> 11 | AF42: 07:00 A 16:00 - 17:00 A 19:00 | AG42: DOMINGO 28 DE DICIEMBRE
A43: UNIFICADA | B43: NTGTZAMN | C43: 986256130 | D43: 35 | E43: ZAMBRANO NAPA TANIA LISBETH | F43: =SUM(G43:AD43) -> 11 | N43: 1 | O43: 1 | P43: 1 | Q43: 1 | R43: 1 | S43: 1 | T43: 1 | U43: 1 | V43: 1 | W43: 1 | X43: 1 | AE43: =SUM(G43:AD43) -> 11 | AF43: 07:00 A 18:00 | AG43: DOMINGO 28 DE DICIEMBRE
A44: UNIFICADA | B44: NTGDZAML | D44: 36 | E44: ZAMBRANO SOLANO DIEGO ALEXANDER | F44: =SUM(G44:AD44) -> 0 | O44: FI | P44: FI | Q44: FI | R44: FI | S44: FI | T44: FI | U44: FI | V44: FI | X44: FI | Y44: FI | Z44: FI | AA44: FI | AB44: FI | AE44: =SUM(G44:AD44) -> 0 | AF44: 08:00 A 16:00 - 17:00 A 22:00 | AG44: DOMINGO 28 DE DICIEMBRE
A45: UNIFICADA | B45: NTGVZURN | C45: 998810875 | D45: 37 | E45: ZURITA NARVAEZ VERONICA CECILIA | F45: =SUM(G45:AD45) -> 13 | P45: 1 | Q45: 1 | R45: 1 | S45: 1 | T45: 1 | U45: 1 | V45: 1 | W45: 1 | X45: 1 | Z45: 1 | AA45: 1 | AB45: 1 | AC45: 1 | AE45: =SUM(G45:AD45) -> 13 | AF45: 09:00 A 18:00 - 19:00 A 23:00 | AG45: DOMINGO 28 DE DICIEMBRE
A46: MONITOREOS | B46: NTGAALED | C46: 983804379 | D46: 1 | E46: ALENCASTRO DELGADO ANGELO JOSUE | F46: 0 | G46: 0 | H46: 0 | I46: 0 | J46: 0 | K46: 0 | L46: 0 | M46: 0 | N46: 0 | O46: 0 | P46: 0 | Q46: 0 | R46: 0 | S46: 0 | T46: 0 | U46: 0 | V46: 0 | W46: 0 | X46: 0 | Y46: 0 | Z46: 0 | AA46: 0 | AB46: 0 | AC46: 0 | AD46: 0 | AE46: =SUM(G46:AD46) -> 0 | AF46: LIBRE | AG46: DOMINGO 28 DE DICIEMBRE
A47: MONITOREOS | B47: NTGMCAIA | C47: 962839078 | D47: 2 | E47: CAICEDO SIMBAÑA MATEO ANDRES | F47: 0 | G47: 0 | H47: 0 | I47: 0 | J47: 0 | K47: 0 | L47: 0 | M47: 0 | N47: 0 | O47: 0 | P47: 0 | Q47: 0 | R47: 0 | S47: 0 | T47: 0 | U47: 0 | V47: 0 | W47: 0 | X47: 0 | Y47: 0 | Z47: 0 | AA47: 0 | AB47: 0 | AC47: 0 | AD47: 0 | AE47: =SUM(G47:AD47) -> 0 | AF47: LIBRE | AG47: DOMINGO 28 DE DICIEMBRE
A48: MONITOREOS | B48: NTGEMOR1 | C48: 990660059 | D48: 3 | E48: MORALES LIMA ERIKA ALEXANDRA | F48: 0 | G48: 0 | H48: 0 | I48: 0 | J48: 0 | K48: 0 | L48: 0 | M48: 0 | N48: 0 | O48: 0 | P48: 0 | Q48: 0 | R48: 0 | S48: 0 | T48: 0 | U48: 0 | V48: 0 | W48: 0 | X48: 0 | Y48: 0 | Z48: 0 | AA48: 0 | AB48: 0 | AC48: 0 | AD48: 0 | AE48: =SUM(G48:AD48) -> 0 | AF48: LIBRE | AG48: DOMINGO 28 DE DICIEMBRE
A49: MONITOREOS | B49: NTGSREAG | C49: 988941361 | D49: 4 | E49: REA GUACHAMIN SHIRLEY NICOLE | F49: 0 | G49: 0 | H49: 0 | I49: 0 | J49: 0 | K49: 0 | L49: 0 | M49: 0 | N49: 0 | O49: 0 | P49: 0 | Q49: 0 | R49: 0 | S49: 0 | T49: 0 | U49: 0 | V49: 0 | W49: 0 | X49: 0 | Y49: 0 | Z49: 0 | AA49: 0 | AB49: 0 | AC49: 0 | AD49: 0 | AE49: =SUM(G49:AD49) -> 0 | AF49: LIBRE | AG49: DOMINGO 28 DE DICIEMBRE
A50: MONITOREOS | B50: NTGDTACQ | D50: 5 | E50: TACURI QUICHIMBO DAYANA LIZETH | F50: 0 | G50: 0 | H50: 0 | I50: 0 | J50: 0 | K50: 0 | L50: 0 | M50: 0 | N50: 0 | O50: 0 | P50: 0 | Q50: 0 | R50: 0 | S50: 0 | T50: 0 | U50: 0 | V50: 0 | W50: 0 | X50: 0 | Y50: 0 | Z50: 0 | AA50: 0 | AB50: 0 | AC50: 0 | AD50: 0 | AE50: =SUM(G50:AD50) -> 0 | AF50: 00:00 A 06:00 | AG50: DOMINGO 28 DE DICIEMBRE
A51: MONITOREOS | B51: NTGMZUNO | C51: 982807786 | D51: 6 | E51: ZUÑIGA MORENO MISHELL STEFANIA | F51: 0 | G51: 0 | H51: 0 | I51: 0 | J51: 0 | K51: 0 | L51: 0 | M51: 0 | N51: 0 | O51: 0 | P51: 0 | Q51: 0 | R51: 0 | S51: 0 | T51: 0 | U51: 0 | V51: 0 | W51: 0 | X51: 0 | Y51: 0 | Z51: 0 | AA51: 0 | AB51: 0 | AC51: 0 | AD51: 0 | AE51: =SUM(G51:AD51) -> 0 | AF51: LIBRE | AG51: DOMINGO 28 DE DICIEMBRE
A52: CLIENTES VIP | B52: NTGMLOAS | C52: 984891008 | D52: 1 | E52: LOAIZA SISA MISHELLE JAZMIN | F52: 12 | Q52: FI | R52: FI | S52: FI | T52: FI | U52: 1 | V52: CLIENTES VIP | AE52: 9 | AF52: 10:00 A 14:00 - 15:00 A 23:00 | AG52: DOMINGO 28 DE DICIEMBRE
A53: CLIENTES VIP | B53: NTGDNICC | C53: 983356603 | D53: 2 | E53: NICOLALDE GARCIA DAIVERLYN IVETH | F53: 10 | N53: CLIENTES VIP | V53: 1 | AE53: 9 | AF53: 07:00 A 16:00 | AG53: DOMINGO 28 DE DICIEMBRE
A54: SOPORTE DTH | B54: NTGMBAR2 | D54: 1 | E54: BARBOSA REASCOS MICHAEL JOSUE | F54: 11 | P54: SOPORTE DTH | AE54: 11 | AF54: 09:00 A 20:00 | AG54: DOMINGO 28 DE DICIEMBRE
A55: SEG. TRANSFERENCIAS | D55: 1 | E55: FIGUEROA COELLO NATHALIA ESTEFANIA | F55: 0 | G55: 0 | H55: 0 | I55: 0 | J55: 0 | K55: 0 | L55: 0 | M55: 0 | N55: 0 | O55: 0 | P55: 0 | Q55: 0 | R55: 0 | S55: 0 | T55: 0 | U55: 0 | V55: 0 | W55: 0 | X55: 0 | Y55: 0 | Z55: 0 | AA55: 0 | AB55: 0 | AC55: 0 | AD55: 0 | AE55: =SUM(G55:AD55) -> 0 | AF55: LIBRE | AG55: DOMINGO 28 DE DICIEMBRE
G56: 00:00 - 01:00 | H56: 01:00 - 02:00 | I56: 02:00 - 03:00 | J56: 03:00 - 04:00 | K56: 04:00 - 05:00 | L56: 05:00 - 06:00 | M56: 06:00 - 07:00 | N56: 07:00 - 08:00 | O56: 08:00 - 09:00 | P56: 09:00 - 10:00 | Q56: 10:00 - 11:00 | R56: 11:00 - 12:00 | S56: 12:00 - 13:00 | T56: 13:00 - 14:00 | U56: 14:00 - 15:00 | V56: 15:00 - 16:00 | W56: 16:00 - 17:00 | X56: 17:00 - 18:00 | Y56: 18:00 - 19:00 | Z56: 19:00 - 20:00 | AA56: 20:00 - 21:00 | AB56: 21:00 - 22:00 | AC56: 22:00 - 23:00 | AD56: 23:00 - 00:00
E58: DIMENSIONAMIENTO | G58: 2 | H58: 2 | I58: 2 | J58: 2 | K58: 2 | L58: 2 | M58: 2 | N58: 2 | O58: 3 | P58: 4 | Q58: 5 | R58: 5 | S58: 5 | T58: 5 | U58: 5 | V58: 5 | W58: 4 | X58: 4 | Y58: 4 | Z58: 4 | AA58: 3 | AB58: 3 | AC58: 2 | AD58: 2 | AE58: =SUM(G58:AD58) -> 79
G59: =G61-G58 -> 0 | H59: =H61-H58 -> 0 | I59: =I61-I58 -> 0 | J59: =J61-J58 -> 0 | K59: =K61-K58 -> 0 | L59: =L61-L58 -> 0 | M59: =M61-M58 -> 0 | N59: =N61-N58 -> 0 | ... AD59: =AD61-AD58 -> 0
E60: SOPORTE TÉCNICO | G60: 00:00 - 01:00 | H60: 01:00 - 02:00 | I60: 02:00 - 03:00 | J60: 03:00 - 04:00 | K60: 04:00 - 05:00 | L60: 05:00 - 06:00 | M60: 06:00 - 07:00 | N60: 07:00 - 08:00 | O60: 08:00 - 09:00 | P60: 09:00 - 10:00 | Q60: 10:00 - 11:00 | R60: 11:00 - 12:00 | S60: 12:00 - 13:00 | T60: 13:00 - 14:00 | U60: 14:00 - 15:00 | V60: 15:00 - 16:00 | W60: 16:00 - 17:00 | X60: 17:00 - 18:00 | Y60: 18:00 - 19:00 | Z60: 19:00 - 20:00 | AA60: 20:00 - 21:00 | AB60: 21:00 - 22:00 | AC60: 22:00 - 23:00 | AD60: 23:00 - 00:00
E61: ASESORES | F61: HT | G61: =SUM(G62:G72) -> 2 | H61: =SUM(H62:H72) -> 2 | I61: =SUM(I62:I72) -> 2 | J61: =SUM(J62:J72) -> 2 | K61: =SUM(K62:K72) -> 2 | L61: =SUM(L62:L72) -> 2 | M61: =SUM(M62:M72) -> 2 | N61: =SUM(N62:N72) -> 2 | ... AD61: =SUM(AD62:AD72) -> 2 | AE61: =SUM(G61:AD61) -> 57 | AF61: HORARIO ASISTENCIA | AG61: FECHA
A62: SOPORTE TÉCNICO | B62: NTGECHIT | C62: 996585473 | D62: 1 | E62: CHICAIZA ORTIZ ERIKA VANESSA | F62: =SUM(G62:AD62) -> 10 | M62: 1 | N62: 1 | O62: 1 | P62: 1 | Q62: 1 | R62: 1 | S62: 1 | T62: 1 | U62: 1 | V62: 1 | AE62: =SUM(G62:AD62) -> 10 | AF62: 06:00 A 16:00 | AG62: DOMINGO 28 DE DICIEMBRE
A63: SOPORTE TÉCNICO | B63: NTGMCRUL | D63: 2 | E63: CRUZ ALVARADO MARIA ESTHELLA | F63: =SUM(G63:AD63) -> 0 | G63: 0 | H63: 0 | I63: 0 | J63: 0 | K63: 0 | L63: 0 | M63: 0 | N63: 0 | O63: 0 | P63: 0 | Q63: 0 | R63: 0 | S63: 0 | T63: 0 | U63: 0 | V63: 0 | W63: 0 | X63: 0 | Y63: 0 | Z63: 0 | AA63: 0 | AB63: 0 | AC63: 0 | AD63: 0 | AE63: =SUM(G63:AD63) -> 0 | AF63: LIBRE | AG63: DOMINGO 28 DE DICIEMBRE
A64: SOPORTE TÉCNICO | B64: NTGDCUNU | C64: 969250973 | D64: 3 | E64: CUNALATA GUANO DAYANA ESKARLETH | F64: =SUM(G64:AD64) -> 0 | P64: FI | Q64: FI | R64: FI | S64: FI | T64: FI | U64: FI | V64: FI | W64: FI | X64: FI | Y64: FI | AA64: FI | AB64: FI | AE64: =SUM(G64:AD64) -> 0 | AF64: 09:00 A 19:00 - 20:00 A 22:00 | AG64: DOMINGO 28 DE DICIEMBRE
A65: SOPORTE TÉCNICO | B65: NTGWENRJ | C65: 990911747 | D65: 4 | E65: ENRIQUEZ JARAMILLO WENDY JAZMIN | F65: =SUM(G65:AD65) -> 0 | G65: 0 | H65: 0 | I65: 0 | J65: 0 | K65: 0 | L65: 0 | M65: 0 | N65: 0 | O65: 0 | P65: 0 | Q65: 0 | R65: 0 | S65: 0 | T65: 0 | U65: 0 | V65: 0 | W65: 0 | X65: 0 | Y65: 0 | Z65: 0 | AA65: 0 | AB65: 0 | AC65: 0 | AD65: 0 | AE65: =SUM(G65:AD65) -> 0 | AF65: LIBRE | AG65: DOMINGO 28 DE DICIEMBRE
A66: SOPORTE TÉCNICO | B66: NTGKGAVA_1 | C66: 993901115 | D66: 5 | E66: GAVILANES AGUIRRE KLEVER GIOVANNY | F66: =SUM(G66:AD66) -> 7 | X66: 1 | Y66: 1 | Z66: 1 | AA66: 1 | AB66: 1 | AC66: 1 | AD66: 1 | AE66: =SUM(G66:AD66) -> 7 | AF66: 17:00 A 00:00 | AG66: DOMINGO 28 DE DICIEMBRE
A67: SOPORTE TÉCNICO | B67: NTGLMENR | C67: 992994680 | D67: 6 | E67: MENA RIERA LUIS FERNANDO | F67: =SUM(G67:AD67) -> 7 | G67: 1 | H67: 1 | I67: 1 | J67: 1 | K67: 1 | L67: 1 | M67: 1 | AE67: =SUM(G67:AD67) -> 7 | AF67: 00:00 A 07:00 | AG67: DOMINGO 28 DE DICIEMBRE
A68: SOPORTE TÉCNICO | B68: NTGKPILQ | D68: 7 | E68: PILATAXI QUILLUPANGUI KATHYA MISHELL | F68: =SUM(G68:AD68) -> 12 | G68: 1 | H68: 1 | I68: 1 | J68: 1 | K68: 1 | L68: 1 | Y68: 1 | Z68: 1 | AA68: 1 | AB68: 1 | AC68: 1 | AD68: 1 | AE68: =SUM(G68:AD68) -> 12 | AF68: 00:00 A 06:00 - 18:00 A 00:00 | AG68: DOMINGO 28 DE DICIEMBRE
A69: SOPORTE TÉCNICO | B69: NTGCCHA3 | D69: 8 | E69: CHAFUELAN CEDEÑO CRISTOPHER ALEJANDRO | F69: =SUM(G69:AD69) -> 0 | G69: 0 | H69: 0 | I69: 0 | J69: 0 | K69: 0 | L69: 0 | M69: 0 | N69: 0 | O69: 0 | P69: 0 | Q69: 0 | R69: 0 | S69: 0 | T69: 0 | U69: 0 | V69: 0 | W69: 0 | X69: 0 | Y69: 0 | Z69: 0 | AA69: 0 | AB69: 0 | AC69: 0 | AD69: 0 | AE69: =SUM(G69:AD69) -> 0 | AF69: LIBRE | AG69: DOMINGO 28 DE DICIEMBRE
A70: SOPORTE TÉCNICO | B70: NTGDGUEO | D70: 10 | E70: GUERREO LOPEZ DIEGO XAVIER | F70: =SUM(G70:AD70) -> 10 | Q70: 1 | R70: 1 | S70: 1 | T70: 1 | U70: 1 | V70: 1 | W70: 1 | X70: 1 | Y70: 1 | Z70: 1 | AE70: =SUM(G70:AD70) -> 10 | AF70: 10:00 A 20:00 | AG70: DOMINGO 28 DE DICIEMBRE
A71: SOPORTE TÉCNICO | B71: NTGTMUNO | D71: 11 | E71: MUÑOZ MORENO THOMAS SEBASTIAN | F71: =SUM(G71:AD71) -> 11 | N71: 1 | O71: 1 | P71: 1 | Q71: 1 | R71: 1 | S71: 1 | T71: 1 | U71: 1 | V71: 1 | W71: 1 | X71: 1 | AE71: =SUM(G71:AD71) -> 11 | AF71: 07:00 A 18:00 | AG71: DOMINGO 28 DE DICIEMBRE
A72: SOPORTE TÉCNICO | B72: NTGMMUN0 | D72: 12 | E72: MUÑOZ PACHECO MARIA FERNANDA | F72: =SUM(G72:AD72) -> 0 | G72: 0 | H72: 0 | I72: 0 | J72: 0 | K72: 0 | L72: 0 | M72: 0 | N72: 0 | O72: 0 | P72: 0 | Q72: 0 | R72: 0 | S72: 0 | T72: 0 | U72: 0 | V72: 0 | W72: 0 | X72: 0 | Y72: 0 | Z72: 0 | AA72: 0 | AB72: 0 | AC72: 0 | AD72: 0 | AE72: =SUM(G72:AD72) -> 0 | AF72: LIBRE | AG72: DOMINGO 28 DE DICIEMBRE
G73: 00:00 - 01:00 | H73: 01:00 - 02:00 | I73: 02:00 - 03:00 | J73: 03:00 - 04:00 | K73: 04:00 - 05:00 | L73: 05:00 - 06:00 | M73: 06:00 - 07:00 | N73: 07:00 - 08:00 | O73: 08:00 - 09:00 | P73: 09:00 - 10:00 | Q73: 10:00 - 11:00 | R73: 11:00 - 12:00 | S73: 12:00 - 13:00 | T73: 13:00 - 14:00 | U73: 14:00 - 15:00 | V73: 15:00 - 16:00 | W73: 16:00 - 17:00 | X73: 17:00 - 18:00 | Y73: 18:00 - 19:00 | Z73: 19:00 - 20:00 | AA73: 20:00 - 21:00 | AB73: 21:00 - 22:00 | AC73: 22:00 - 23:00 | AD73: 23:00 - 00:00

Sheet 29
A1: Nomenclatura
A2: ATRASO | B2: REPOSO
A3: FALTA | B3: PAGO POR SOPORTE O ADICIONAL | D3: LUNES
A4: VACACIONES | B4: CAPACITACIÓN | E4: DIMENSIONAMIENTO | G4: 4 | H4: 3 | I4: 3 | J4: 3 | K4: 3 | L4: 3 | M4: 10 | N4: 20 | O4: 27 | P4: 29 | Q4: 30 | R4: 30 | S4: 30 | T4: 20 | U4: 23 | V4: 28 | W4: 28 | X4: 33 | Y4: 26 | Z4: 18 | AA4: 11 | AB4: 8 | AC4: 6 | AD4: 4 | AE4: =SUM(G4:AD4) -> 400 | AF4: =AE4/9 -> 44.444444
E5: 29 | G5: 00:00 - 01:00 | H5: 01:00 - 02:00 | I5: 02:00 - 03:00 | J5: 03:00 - 04:00 | K5: 04:00 - 05:00 | L5: 05:00 - 06:00 | M5: 06:00 - 07:00 | N5: 07:00 - 08:00 | O5: 08:00 - 09:00 | P5: 09:00 - 10:00 | Q5: 10:00 - 11:00 | R5: 11:00 - 12:00 | S5: 12:00 - 13:00 | T5: 13:00 - 14:00 | U5: 14:00 - 15:00 | V5: 15:00 - 16:00 | W5: 16:00 - 17:00 | X5: 17:00 - 18:00 | Y5: 18:00 - 19:00 | Z5: 19:00 - 20:00 | AA5: 20:00 - 21:00 | AB5: 21:00 - 22:00 | AC5: 22:00 - 23:00 | AD5: 23:00 - 00:00
G6: =G7-G4 -> -1 | H6: =H7-H4 -> 0 | I6: =I7-I4 -> 0 | J6: =J7-J4 -> 0 | K6: =K7-K4 -> 0 | L6: =L7-L4 -> 0 | M6: =M7-M4 -> 0 | N6: =N7-N4 -> 0 | ... AD6: =AD7-AD4 -> 1 | AE6: =SUM(G6:AD6) -> -2
A7: GESTIÓN | B7: USUARIO | C7: CONTACTO | D7: N° | E7: ASESORES | F7: HT | G7: =SUM(G8:G54) -> 3 | H7: =SUM(H8:H54) -> 3 | I7: =SUM(I8:I54) -> 3 | J7: =SUM(J8:J54) -> 3 | K7: =SUM(K8:K54) -> 3 | L7: =SUM(L8:L54) -> 3 | M7: =SUM(M8:M54) -> 10 | N7: =SUM(N8:N54) -> 20 | ... AD7: =SUM(AD8:AD54) -> 5 | AE7: =SUM(G7:AD7) -> 398 | AF7: HORARIO ASISTENCIA | AG7: FECHA
A8: UNIFICADA | B8: NTGLQUIS | D8: 0 | E8: QUISHPE SIERRA JOSE LUIS | F8: =SUM(G8:AD8) -> 4 | Y8: 1 | Z8: 1 | AA8: 1 | AB8: 1 | AE8: =SUM(G8:AD8) -> 4 | AF8: 18:00 A 22:00 | AG8: LUNES 29 DE DICIEMBRE
A9: UNIFICADA | B9: NTGBACUC | C9: 999600729 | D9: 1 | E9: ACUÑA CAISAGUANO BYRON DANILO | F9: =SUM(G9:AD9) -> 12 | Q9: 1 | R9: 1 | S9: 1 | U9: 1 | V9: 1 | W9: 1 | X9: 1 | Y9: 1 | Z9: 1 | AA9: 1 | AB9: 1 | AC9: 1 | AE9: =SUM(G9:AD9) -> 12 | AF9: 10:00 A 13:00 - 14:00 A 23:00 | AG9: LUNES 29 DE DICIEMBRE
A10: UNIFICADA | B10: NTGBALED | C10: 984098910 | D10: 2 | E10: ALENCASTRO DELGADO BRIGITTE SCARLET | F10: =SUM(G10:AD10) -> 13 | G10: 1 | H10: 1 | I10: 1 | J10: 1 | K10: 1 | L10: 1 | M10: 1 | Y10: 1 | Z10: 1 | AA10: 1 | AB10: 1 | AC10: 1 | AD10: 1 | AE10: =SUM(G10:AD10) -> 13 | AF10: 00:00 A 06:00 - 18:00 A 00:00 | AG10: LUNES 29 DE DICIEMBRE
A11: UNIFICADA | B11: NTGBALEE | C11: 987983128 | D11: 3 | E11: ALENCASTRO DELGADO BRITANY SAMANTA | F11: =SUM(G11:AD11) -> 11 | O11: 1 | P11: 1 | Q11: 1 | R11: 1 | S11: 1 | T11: 1 | V11: 1 | W11: 1 | X11: 1 | Y11: 1 | Z11: 1 | AE11: =SUM(G11:AD11) -> 11 | AF11: 08:00 A 14:00 - 15:00 A 20:00 | AG11: LUNES 29 DE DICIEMBRE
A12: UNIFICADA | B12: NTGOAQUO | D12: 4 | E12: AQUINO ORELLANA OTILDA FRANCISCA | F12: =SUM(G12:AD12) -> 12 | N12: 1 | O12: 1 | P12: 1 | Q12: 1 | R12: 1 | S12: 1 | T12: 1 | U12: 1 | V12: 1 | W12: 1 | X12: 1 | Y12: 1 | AE12: =SUM(G12:AD12) -> 12 | AF12: 07:00 A 19:00 | AG12: LUNES 29 DE DICIEMBRE
A13: UNIFICADA | B13: NTGAARIF | C13: 998223732 | D13: 5 | E13: ARIAS FARINANGO ARIEL FERNANDO | F13: =SUM(G13:AD13) -> 10 | M13: 1 | N13: 1 | O13: 1 | P13: 1 | Q13: 1 | R13: 1 | S13: C | U13: 1 | V13: 1 | W13: 1 | X13: 1 | AE13: =SUM(G13:AD13) -> 10 | AF13: 06:00 A 13:00 - 14:00 A 18:00 | AG13: LUNES 29 DE DICIEMBRE
A14: UNIFICADA | B14: NTGIARIN | D14: 6 | E14: ARIAS NARVAEZ ISIS ESCARLETH | F14: =SUM(G14:AD14) -> 11 | M14: 1 | N14: 1 | O14: 1 | P14: 1 | Q14: 1 | R14: 1 | S14: C | T14: 1 | U14: 1 | V14: 1 | W14: 1 | X14: 1 | AE14: =SUM(G14:AD14) -> 11 | AF14: 06:00 A 18:00 | AG14: LUNES 29 DE DICIEMBRE
A15: UNIFICADA | B15: NTGJBELL | C15: 979044107 | D15: 7 | E15: BELTRAN VILLALBA JENNIFER MIGREY | F15: =SUM(G15:AD15) -> 10 | N15: 1 | O15: 1 | P15: 1 | Q15: 1 | R15: 1 | S15: C | T15: 1 | U15: 1 | V15: 1 | W15: 1 | X15: 1 | AE15: =SUM(G15:AD15) -> 10 | AF15: 07:00 A 18:00 | AG15: LUNES 29 DE DICIEMBRE
A16: UNIFICADA | B16: NTGJBEND_1 | C16: 995545886 | D16: 8 | E16: BENALCAZAR DUARTE JEANNETH GISSELA | F16: =SUM(G16:AD16) -> 11 | O16: 1 | P16: 1 | Q16: 1 | R16: 1 | S16: 1 | T16: 1 | U16: 1 | V16: C | W16: 1 | X16: 1 | Y16: 1 | Z16: 1 | AE16: =SUM(G16:AD16) -> 11 | AF16: 08:00 A 20:00 | AG16: LUNES 29 DE DICIEMBRE
A17: UNIFICADA | B17: NTGJBERO | C17: 968594141 | D17: 9 | E17: BERMEJO MALDONADO JONATHAN MAURICIO | F17: =SUM(G17:AD17) -> 11 | N17: 1 | O17: 1 | P17: 1 | Q17: 1 | R17: 1 | S17: 1 | T17: 1 | U17: 1 | V17: C | W17: 1 | X17: 1 | Y17: 1 | AE17: =SUM(G17:AD17) -> 11 | AF17: 07:00 A 19:00 | AG17: LUNES 29 DE DICIEMBRE
A18: UNIFICADA | B18: NTGMCABU | D18: 10 | E18: CABASCANGO BUSE MARITZA ELIZABETH | F18: =SUM(G18:AD18) -> 10 | N18: 1 | O18: 1 | P18: 1 | Q18: 1 | R18: 1 | S18: C | T18: 1 | U18: 1 | V18: 1 | W18: 1 | X18: 1 | AE18: =SUM(G18:AD18) -> 10 | AF18: 07:00 A 18:00 | AG18: LUNES 29 DE DICIEMBRE
A19: UNIFICADA | B19: NTGMCAR9 | C19: 989533877 | D19: 11 | E19: CARVAJAL RENGEL MARIA BELEN | F19: =SUM(G19:AD19) -> 0 | G19: V | H19: V | I19: V | J19: V | K19: V | L19: V | M19: V | N19: V | O19: V | P19: V | Q19: V | R19: V | S19: V | T19: V | U19: V | V19: V | W19: V | X19: V | Y19: V | Z19: V | AA19: V | AB19: V | AC19: V | AD19: V | AE19: =SUM(G19:AD19) -> 0 | AF19: VACACIONES | AG19: LUNES 29 DE DICIEMBRE
A20: UNIFICADA | B20: NTGTCHII | C20: 997829699 | D20: 12 | E20: CHINGA PITIUR TATIANA LIZBETH | F20: =SUM(G20:AD20) -> 10 | N20: 1 | O20: 1 | P20: 1 | Q20: 1 | R20: 1 | S20: 1 | U20: 1 | V20: 1 | W20: 1 | X20: 1 | AE20: =SUM(G20:AD20) -> 10 | AF20: 07:00 A 13:00 - 14:00 A 18:00 | AG20: LUNES 29 DE DICIEMBRE
A21: UNIFICADA | B21: NTGCCOLT | D21: 13 | E21: COLCHA TOAPANTA CINTHYA VANESSA | F21: =SUM(G21:AD21) -> 10 | U21: 1 | V21: 1 | W21: 1 | X21: 1 | Y21: 1 | Z21: 1 | AA21: 1 | AB21: 1 | AC21: 1 | AD21: 1 | AE21: =SUM(G21:AD21) -> 10 | AF21: 14:00 A 00:00 | AG21: LUNES 29 DE DICIEMBRE
A22: UNIFICADA | B22: NTGADELN | C22: 996303208 | D22: 14 | E22: DEL CASTILLO MANCHENO ANDRES DARIO | F22: =SUM(G22:AD22) -> 12 | M22: 1 | N22: 1 | O22: 1 | P22: 1 | Q22: 1 | R22: 1 | S22: 1 | U22: 1 | V22: 1 | W22: 1 | X22: 1 | Y22: 1 | AE22: =SUM(G22:AD22) -> 12 | AF22: 06:00 A 13:00 - 14:00 A 19:00 | AG22: LUNES 29 DE DICIEMBRE
A23: UNIFICADA | B23: NTGYGOMR | C23: 991837641 | D23: 15 | E23: GOMEZ ROSALES YANINA BELEN | F23: =SUM(G23:AD23) -> 6 | N23: 1 | O23: 1 | P23: 1 | Q23: 1 | R23: 1 | S23: C | T23: 1 | AE23: =SUM(G23:AD23) -> 6 | AF23: 07:00 A 14:00 | AG23: LUNES 29 DE DICIEMBRE
A24: UNIFICADA | B24: NTGCGUAH | C24: 985570860 | D24: 16 | E24: GUANOLUISA REMACHE CHRISTIAN ALEXANDER | F24: =SUM(G24:AD24) -> 11 | O24: 1 | P24: 1 | Q24: 1 | R24: 1 | S24: 1 | T24: 1 | U24: 1 | V24: 1 | X24: 1 | Y24: 1 | Z24: 1 | AE24: =SUM(G24:AD24) -> 11 | AF24: 08:00 A 16:00 - 17:00 A 20:00 | AG24: LUNES 29 DE DICIEMBRE
A25: UNIFICADA | B25: NTGLJACC | C25: 961816449 | D25: 17 | E25: JACOME CAMACHO LUIS HUMBERTO | F25: =SUM(G25:AD25) -> 11 | M25: 1 | N25: 1 | O25: 1 | P25: 1 | Q25: 1 | R25: 1 | S25: 1 | U25: 1 | V25: 1 | W25: 1 | X25: 1 | AE25: =SUM(G25:AD25) -> 11 | AF25: 06:00 A 13:00 - 14:00 A 18:00 | AG25: LUNES 29 DE DICIEMBRE
A26: UNIFICADA | B26: NTGMJIM0 | C26: 989858490 | D26: 18 | E26: JIMENEZ SILVA MIRIAN PAMELA | F26: =SUM(G26:AD26) -> 12 | M26: 1 | N26: 1 | O26: 1 | P26: 1 | Q26: 1 | R26: 1 | S26: 1 | U26: 1 | V26: 1 | W26: 1 | X26: 1 | Y26: 1 | AE26: =SUM(G26:AD26) -> 12 | AF26: 06:00 A 13:00 - 14:00 A 19:00 | AG26: LUNES 29 DE DICIEMBRE
A27: UNIFICADA | B27: NTGELECS | C27: 988957267 | D27: 19 | E27: LECHON SANDOVAL ERICK FERNANDO | F27: =SUM(G27:AD27) -> 12 | O27: 1 | P27: 1 | Q27: 1 | R27: 1 | S27: 1 | U27: 1 | V27: 1 | W27: 1 | X27: 1 | Y27: 1 | Z27: 1 | AA27: 1 | AE27: =SUM(G27:AD27) -> 12 | AF27: 07:00 A 16:00 - 17:00 A 20:00 | AG27: LUNES 29 DE DICIEMBRE
A28: UNIFICADA | B28: NTGJMEN13 | D28: 20 | E28: MENDOZA PALACIOS JHON HENRY | F28: =SUM(G28:AD28) -> 11 | O28: 1 | P28: 1 | Q28: 1 | R28: 1 | S28: 1 | T28: 1 | U28: C | V28: 1 | W28: 1 | X28: 1 | Y28: 1 | Z28: 1 | AE28: =SUM(G28:AD28) -> 11 | AF28: 08:00 A 20:00 | AG28: LUNES 29 DE DICIEMBRE
A29: UNIFICADA | B29: NTGJMOR53 | D29: 21 | E29: MORALES MARTINEZ JOSUE JAVIER | F29: =SUM(G29:AD29) -> 7 | U29: C | V29: 1 | W29: 1 | X29: 1 | Y29: 1 | Z29: 1 | AA29: 1 | AB29: 1 | AE29: =SUM(G29:AD29) -> 7 | AF29: 14:00 A 22:00 | AG29: LUNES 29 DE DICIEMBRE
A30: UNIFICADA | B30: NTGJMOR48 | C30: 962757006 | D30: 22 | E30: MORENO NORIEGA JORGE OSVALDO | F30: =SUM(G30:AD30) -> 11 | O30: 1 | P30: 1 | Q30: 1 | R30: 1 | S30: 1 | U30: 1 | V30: 1 | W30: C | X30: 1 | Y30: 1 | Z30: 1 | AA30: 1 | AE30: =SUM(G30:AD30) -> 11 | AF30: 08:00 A 13:00 - 14:00 A 21:00 | AG30: LUNES 29 DE DICIEMBRE
A31: UNIFICADA | B31: NTGTMORC | D31: 23 | E31: MOROCHO CALDERON TANIA DENISSE | F31: =SUM(G31:AD31) -> 11 | O31: 1 | P31: 1 | Q31: 1 | R31: 1 | S31: 1 | T31: 1 | U31: 1 | V31: C | W31: 1 | X31: 1 | Y31: 1 | Z31: 1 | AE31: =SUM(G31:AD31) -> 11 | AF31: 08:00 A 20:00 | AG31: LUNES 29 DE DICIEMBRE
A32: UNIFICADA | B32: NTGKNARM | C32: 995055956 | D32: 24 | E32: NARVAEZ MALDONADO KARLA JULIET | F32: =SUM(G32:AD32) -> 11 | M32: 1 | N32: 1 | O32: 1 | P32: 1 | Q32: 1 | R32: 1 | S32: 1 | U32: 1 | V32: 1 | W32: 1 | X32: 1 | AE32: =SUM(G32:AD32) -> 11 | AF32: 06:00 A 13:00 - 14:00 A 18:00 | AG32: LUNES 29 DE DICIEMBRE
A33: UNIFICADA | B33: NTGMPALR | D33: 25 | E33: PALOMO RAMIREZ MAYERLI RAQUEL | F33: =SUM(G33:AD33) -> 6 | N33: 1 | O33: 1 | P33: 1 | Q33: 1 | R33: 1 | S33: 1 | AE33: =SUM(G33:AD33) -> 6 | AF33: 07:00 A 13:00 | AG33: LUNES 29 DE DICIEMBRE
A34: UNIFICADA | B34: NTGEQUI6 | C34: 990489779 | D34: 27 | E34: QUISHPE SIERRA ESTEBAN IGNACIO | F34: =SUM(G34:AD34) -> 12 | N34: 1 | O34: 1 | P34: 1 | Q34: 1 | R34: 1 | S34: 1 | T34: 1 | U34: 1 | V34: 1 | X34: 1 | Y34: 1 | Z34: 1 | AE34: =SUM(G34:AD34) -> 12 | AF34: 07:00 A 16:00 - 17:00 A 20:00 | AG34: LUNES 29 DE DICIEMBRE
A35: UNIFICADA | B35: NTGJQUI50 | D35: 26 | E35: QUISPE PALACIOS JOSELYN YADIRA | F35: =SUM(G35:AD35) -> 12 | G35: 1 | H35: 1 | I35: 1 | J35: 1 | K35: 1 | L35: 1 | M35: 1 | Z35: 1 | AA35: 1 | AB35: 1 | AC35: 1 | AD35: 1 | AE35: =SUM(G35:AD35) -> 12 | AF35: 00:00 A 06:00 - 19:00 A 00:00 | AG35: LUNES 29 DE DICIEMBRE
A36: UNIFICADA | B36: NTGRQUIV | C36: 981074073 | D36: 28 | E36: QUITIAQUEZ VELASCO RICHARD DAVID | F36: =SUM(G36:AD36) -> 11 | N36: 1 | O36: 1 | P36: 1 | Q36: 1 | R36: 1 | S36: 1 | U36: C | V36: 1 | W36: 1 | X36: 1 | Y36: 1 | Z36: 1 | AE36: =SUM(G36:AD36) -> 11 | AF36: 07:00 A 13:00 - 14:00 A 20:00 | AG36: LUNES 29 DE DICIEMBRE
A37: UNIFICADA | B37: NTGCROMA | D37: 29 | E37: ROMERO CARRION CARLOS HUMBERTO | F37: =SUM(G37:AD37) -> 11 | N37: 1 | O37: 1 | P37: 1 | Q37: 1 | R37: 1 | S37: 1 | U37: 1 | V37: 1 | W37: 1 | X37: 1 | Y37: 1 | AE37: =SUM(G37:AD37) -> 11 | AF37: 07:00 A 13:00 - 14:00 A 19:00 | AG37: LUNES 29 DE DICIEMBRE
A38: UNIFICADA | B38: NTGKRUBB | D38: 30 | E38: RUBIO BOADA KAREN NICOLE | F38: =SUM(G38:AD38) -> 11 | N38: 1 | O38: 1 | P38: 1 | Q38: 1 | R38: 1 | S38: 1 | U38: C | V38: 1 | W38: 1 | X38: 1 | Y38: 1 | Z38: 1 | AE38: =SUM(G38:AD38) -> 11 | AF38: 07:00 A 13:00 - 14:00 A 20:00 | AG38: LUNES 29 DE DICIEMBRE
A39: UNIFICADA | B39: NTGASAMU | C39: 962936744 | D39: 31 | E39: SAMPEDRO BUÑAY ANA MARIA | F39: =SUM(G39:AD39) -> 13 | G39: 1 | H39: 1 | I39: 1 | J39: 1 | K39: 1 | L39: 1 | M39: 1 | Y39: 1 | Z39: 1 | AA39: 1 | AB39: 1 | AC39: 1 | AD39: 1 | AE39: =SUM(G39:AD39) -> 13 | AF39: 00:00 A 06:00 - 18:00 A 00:00 | AG39: LUNES 29 DE DICIEMBRE
A40: UNIFICADA | B40: NTGDTUAA | D40: 32 | E40: TUAPANTA CHANATAXI DANILO JAVIER | F40: =SUM(G40:AD40) -> 11 | M40: 1 | N40: 1 | O40: 1 | P40: 1 | Q40: 1 | R40: 1 | S40: C | U40: 1 | V40: 1 | W40: 1 | X40: 1 | Y40: 1 | AE40: =SUM(G40:AD40) -> 11 | AF40: 06:00 A 13:00 - 14:00 A 19:00 | AG40: LUNES 29 DE DICIEMBRE
A41: UNIFICADA | B41: NTGJUCHC | C41: 984490770 | D41: 33 | E41: UCHUPANTA CUASPA JONATHAN JOSE | F41: =SUM(G41:AD41) -> 0 | G41: 0 | H41: 0 | I41: 0 | J41: 0 | K41: 0 | L41: 0 | M41: 0 | N41: 0 | O41: 0 | P41: 0 | Q41: 0 | R41: 0 | S41: 0 | T41: 0 | U41: 0 | V41: 0 | W41: 0 | X41: 0 | Y41: 0 | Z41: 0 | AA41: 0 | AB41: 0 | AC41: 0 | AD41: 0 | AE41: =SUM(G41:AD41) -> 0 | AF41: LIBRE | AG41: LUNES 29 DE DICIEMBRE
A42: UNIFICADA | B42: NTGWULLC | C42: 979137365 | D42: 34 | E42: ULLCU COCHA WILMER MARIO | F42: =SUM(G42:AD42) -> 11 | N42: 1 | O42: 1 | P42: 1 | Q42: 1 | R42: 1 | S42: 1 | U42: 1 | V42: 1 | W42: 1 | X42: 1 | Y42: 1 | AE42: =SUM(G42:AD42) -> 11 | AF42: 07:00 A 13:00 - 14:00 A 19:00 | AG42: LUNES 29 DE DICIEMBRE
A43: UNIFICADA | B43: NTGTZAMN | C43: 986256130 | D43: 35 | E43: ZAMBRANO NAPA TANIA LISBETH | F43: =SUM(G43:AD43) -> 11 | N43: 1 | O43: 1 | P43: 1 | Q43: 1 | R43: 1 | S43: 1 | T43: 1 | U43: C | V43: 1 | W43: 1 | X43: 1 | Y43: 1 | AE43: =SUM(G43:AD43) -> 11 | AF43: 07:00 A 19:00 | AG43: LUNES 29 DE DICIEMBRE
A44: UNIFICADA | B44: NTGDZAML | D44: 36 | E44: ZAMBRANO SOLANO DIEGO ALEXANDER | F44: =SUM(G44:AD44) -> 11 | S44: 1 | T44: 1 | U44: C | V44: 1 | W44: 1 | X44: 1 | Y44: 1 | Z44: 1 | AA44: 1 | AB44: 1 | AC44: 1 | AD44: 1 | AE44: =SUM(G44:AD44) -> 11 | AF44: 12:00 A 00:00 | AG44: LUNES 29 DE DICIEMBRE
A45: UNIFICADA | B45: NTGVZURN | C45: 998810875 | D45: 37 | E45: ZURITA NARVAEZ VERONICA CECILIA | F45: =SUM(G45:AD45) -> 10 | P45: 1 | Q45: 1 | R45: 1 | S45: 1 | U45: C | V45: 1 | W45: 1 | X45: 1 | Y45: 1 | Z45: 1 | AA45: 1 | AE45: =SUM(G45:AD45) -> 10 | AF45: 10:00 A 13:00 - 14:00 A 21:00 | AG45: LUNES 29 DE DICIEMBRE
A46: MONITOREOS | B46: NTGAALED | C46: 983804379 | D46: 1 | E46: ALENCASTRO DELGADO ANGELO JOSUE | F46: 10 | S46: 1 | T46: 1 | U46: C | V46: MONITOREOS BRM | AE46: 10 | AF46: 12:00 A 23:00 | AG46: LUNES 29 DE DICIEMBRE
A47: MONITOREOS | B47: NTGMCAIA | C47: 962839078 | D47: 2 | E47: CAICEDO SIMBAÑA MATEO ANDRES | F47: 11 | Q47: 1 | R47: 1 | S47: 1 | U47: C | V47: MONITOREOS BRM | AE47: 11 | AF47: 10:00 A 13:00 - 15:00 A 23:00 | AG47: LUNES 29 DE DICIEMBRE
A48: MONITOREOS | B48: NTGEMOR1 | C48: 990660059 | D48: 3 | E48: MORALES LIMA ERIKA ALEXANDRA | F48: 10 | S48: 1 | T48: 1 | U48: C | V48: MONITOREOS BRM | AE48: 10 | AF48: 12:00 A 23:00 | AG48: LUNES 29 DE DICIEMBRE
A49: MONITOREOS | B49: NTGSREAG | C49: 988941361 | D49: 4 | E49: REA GUACHAMIN SHIRLEY NICOLE | F49: 10 | S49: 1 | T49: 1 | U49: C | V49: MONITOREOS BRM | AE49: 10 | AF49: 12:00 A 23:00 | AG49: LUNES 29 DE DICIEMBRE
A50: MONITOREOS | B50: NTGDTACQ | D50: 5 | E50: TACURI QUICHIMBO DAYANA LIZETH | F50: 10 | S50: 1 | T50: 1 | U50: C | V50: MONITOREOS BRM | AE50: 10 | AF50: 12:00 A 23:00 | AG50: LUNES 29 DE DICIEMBRE
A51: MONITOREOS | B51: NTGMZUNO | C51: 982807786 | D51: 6 | E51: ZUÑIGA MORENO MISHELL STEFANIA | F51: 10 | S51: 1 | T51: 1 | U51: C | V51: MONITOREOS BRM | AE51: 10 | AF51: 12:00 A 23:00 | AG51: LUNES 29 DE DICIEMBRE
A52: CLIENTES VIP | B52: NTGMLOAS | C52: 984891008 | D52: 1 | E52: LOAIZA SISA MISHELLE JAZMIN | F52: 11 | N52: CLIENTES VIP | V52: 1 | W52: 1 | X52: 1 | AE52: 11 | AF52: 07:00 A 18:00 | AG52: LUNES 29 DE DICIEMBRE
A53: CLIENTES VIP | B53: NTGDNICC | C53: 983356603 | D53: 2 | E53: NICOLALDE GARCIA DAIVERLYN IVETH | F53: 10 | T53: 1 | U53: 1 | V53: CLIENTES VIP | AE53: 10 | AF53: 13:00 A 23:00 | AG53: LUNES 29 DE DICIEMBRE
A54: SOPORTE DTH | B54: NTGMBAR2 | D54: 1 | E54: BARBOSA REASCOS MICHAEL JOSUE | F54: 11 | P54: SOPORTE DTH | AE54: 11 | AF54: 09:00 A 20:00 | AG54: LUNES 29 DE DICIEMBRE
A55: SEG. TRANSFERENCIAS | D55: 1 | E55: FIGUEROA COELLO NATHALIA ESTEFANIA | F55: 12 | O55: SEGUIMIENTO TRANSFERENCIAS | AE55: 12 | AF55: 08:00 A 20:00 | AG55: LUNES 29 DE DICIEMBRE
G56: 00:00 - 01:00 | H56: 01:00 - 02:00 | I56: 02:00 - 03:00 | J56: 03:00 - 04:00 | K56: 04:00 - 05:00 | L56: 05:00 - 06:00 | M56: 06:00 - 07:00 | N56: 07:00 - 08:00 | O56: 08:00 - 09:00 | P56: 09:00 - 10:00 | Q56: 10:00 - 11:00 | R56: 11:00 - 12:00 | S56: 12:00 - 13:00 | T56: 13:00 - 14:00 | U56: 14:00 - 15:00 | V56: 15:00 - 16:00 | W56: 16:00 - 17:00 | X56: 17:00 - 18:00 | Y56: 18:00 - 19:00 | Z56: 19:00 - 20:00 | AA56: 20:00 - 21:00 | AB56: 21:00 - 22:00 | AC56: 22:00 - 23:00 | AD56: 23:00 - 00:00
E58: DIMENSIONAMIENTO | G58: 2 | H58: 2 | I58: 2 | J58: 2 | K58: 2 | L58: 2 | M58: 3 | N58: 3 | O58: 6 | P58: 7 | Q58: 8 | R58: 8 | S58: 8 | T58: 8 | U58: 8 | V58: 8 | W58: 8 | X58: 6 | Y58: 6 | Z58: 6 | AA58: 5 | AB58: 4 | AC58: 3 | AD58: 2 | AE58: =SUM(G58:AD58) -> 119
G59: =G61-G58 -> 0 | H59: =H61-H58 -> 0 | I59: =I61-I58 -> 0 | J59: =J61-J58 -> 0 | K59: =K61-K58 -> 0 | L59: =L61-L58 -> 0 | M59: =M61-M58 -> 0 | N59: =N61-N58 -> 0 | ... AD59: =AD61-AD58 -> 0
E60: SOPORTE TÉCNICO | G60: 00:00 - 01:00 | H60: 01:00 - 02:00 | I60: 02:00 - 03:00 | J60: 03:00 - 04:00 | K60: 04:00 - 05:00 | L60: 05:00 - 06:00 | M60: 06:00 - 07:00 | N60: 07:00 - 08:00 | O60: 08:00 - 09:00 | P60: 09:00 - 10:00 | Q60: 10:00 - 11:00 | R60: 11:00 - 12:00 | S60: 12:00 - 13:00 | T60: 13:00 - 14:00 | U60: 14:00 - 15:00 | V60: 15:00 - 16:00 | W60: 16:00 - 17:00 | X60: 17:00 - 18:00 | Y60: 18:00 - 19:00 | Z60: 19:00 - 20:00 | AA60: 20:00 - 21:00 | AB60: 21:00 - 22:00 | AC60: 22:00 - 23:00 | AD60: 23:00 - 00:00
E61: ASESORES | F61: HT | G61: =SUM(G62:G72) -> 2 | H61: =SUM(H62:H72) -> 2 | I61: =SUM(I62:I72) -> 2 | J61: =SUM(J62:J72) -> 2 | K61: =SUM(K62:K72) -> 2 | L61: =SUM(L62:L72) -> 2 | M61: =SUM(M62:M72) -> 3 | N61: =SUM(N62:N72) -> 3 | ... AD61: =SUM(AD62:AD72) -> 2 | AE61: =SUM(G61:AD61) -> 122 | AF61: HORARIO ASISTENCIA | AG61: FECHA
A62: SOPORTE TÉCNICO | B62: NTGECHIT | C62: 996585473 | D62: 1 | E62: CHICAIZA ORTIZ ERIKA VANESSA | F62: =SUM(G62:AD62) -> 9 | O62: 1 | P62: 1 | Q62: 1 | R62: C | S62: 1 | T62: 1 | U62: 1 | V62: 1 | W62: 1 | X62: 1 | AE62: =SUM(G62:AD62) -> 9 | AF62: 08:00 A 18:00 | AG62: LUNES 29 DE DICIEMBRE
A63: SOPORTE TÉCNICO | B63: NTGMCRUL | D63: 2 | E63: CRUZ ALVARADO MARIA ESTHELLA | F63: =SUM(G63:AD63) -> 10 | P63: 1 | Q63: 1 | R63: 1 | S63: C | T63: 1 | U63: 1 | V63: 1 | W63: 1 | X63: 1 | Y63: 1 | Z63: 1 | AE63: =SUM(G63:AD63) -> 10 | AF63: 09:00 A 20:00 | AG63: LUNES 29 DE DICIEMBRE
A64: SOPORTE TÉCNICO | B64: NTGDCUNU | C64: 969250973 | D64: 3 | E64: CUNALATA GUANO DAYANA ESKARLETH | F64: =SUM(G64:AD64) -> 11 | M64: 1 | N64: 1 | O64: 1 | P64: 1 | Q64: 1 | R64: 1 | S64: 1 | T64: 1 | U64: C | V64: 1 | W64: 1 | X64: 1 | AE64: =SUM(G64:AD64) -> 11 | AF64: 06:00 A 18:00 | AG64: LUNES 29 DE DICIEMBRE
A65: SOPORTE TÉCNICO | B65: NTGWENRJ | C65: 990911747 | D65: 4 | E65: ENRIQUEZ JARAMILLO WENDY JAZMIN | F65: =SUM(G65:AD65) -> 12 | M65: 1 | N65: 1 | O65: 1 | P65: 1 | Q65: 1 | R65: 1 | S65: 1 | T65: 1 | U65: 1 | V65: 1 | W65: 1 | X65: 1 | AE65: =SUM(G65:AD65) -> 12 | AF65: 06:00 A 18:00 | AG65: LUNES 29 DE DICIEMBRE
A66: SOPORTE TÉCNICO | B66: NTGKGAVA_1 | C66: 993901115 | D66: 5 | E66: GAVILANES AGUIRRE KLEVER GIOVANNY | F66: =SUM(G66:AD66) -> 12 | G66: 1 | H66: 1 | I66: 1 | J66: 1 | K66: 1 | L66: 1 | X66: C | Y66: 1 | Z66: 1 | AA66: 1 | AB66: 1 | AC66: 1 | AD66: 1 | AE66: =SUM(G66:AD66) -> 12 | AF66: 00:00 A 06:00 - 17:00 A 00:00 | AG66: LUNES 29 DE DICIEMBRE
A67: SOPORTE TÉCNICO | B67: NTGLMENR | C67: 992994680 | D67: 6 | E67: MENA RIERA LUIS FERNANDO | F67: =SUM(G67:AD67) -> 11 | M67: 1 | N67: 1 | O67: 1 | P67: 1 | Q67: 1 | R67: 1 | S67: 1 | T67: 1 | U67: 1 | V67: C | W67: 1 | X67: 1 | AE67: =SUM(G67:AD67) -> 11 | AF67: 06:00 A 18:00 | AG67: LUNES 29 DE DICIEMBRE
A68: SOPORTE TÉCNICO | B68: NTGKPILQ | D68: 7 | E68: PILATAXI QUILLUPANGUI KATHYA MISHELL | F68: =SUM(G68:AD68) -> 12 | G68: 1 | H68: 1 | I68: 1 | J68: 1 | K68: 1 | L68: 1 | X68: C | Y68: 1 | Z68: 1 | AA68: 1 | AB68: 1 | AC68: 1 | AD68: 1 | AE68: =SUM(G68:AD68) -> 12 | AF68: 00:00 A 06:00 - 17:00 A 00:00 | AG68: LUNES 29 DE DICIEMBRE
A69: SOPORTE TÉCNICO | B69: NTGCCHA3 | D69: 8 | E69: CHAFUELAN CEDEÑO CRISTOPHER ALEJANDRO | F69: =SUM(G69:AD69) -> 11 | R69: 1 | S69: 1 | T69: 1 | U69: 1 | V69: 1 | W69: 1 | X69: C | Y69: 1 | Z69: 1 | AA69: 1 | AB69: 1 | AC69: 1 | AE69: =SUM(G69:AD69) -> 11 | AF69: 11:00 A 23:00 | AG69: LUNES 29 DE DICIEMBRE
A70: SOPORTE TÉCNICO | B70: NTGDGUEO | D70: 9 | E70: GUERREO LOPEZ DIEGO XAVIER | F70: =SUM(G70:AD70) -> 12 | P70: 1 | Q70: 1 | R70: 1 | S70: 1 | T70: 1 | U70: 1 | V70: 1 | W70: C | X70: 1 | Y70: 1 | Z70: 1 | AA70: 1 | AB70: 1 | AE70: =SUM(G70:AD70) -> 12 | AF70: 09:00 A 22:00 | AG70: LUNES 29 DE DICIEMBRE
A71: SOPORTE TÉCNICO | B71: NTGTMUNO | D71: 10 | E71: MUÑOZ MORENO THOMAS SEBASTIAN | F71: =SUM(G71:AD71) -> 12 | O71: 1 | P71: 1 | Q71: 1 | R71: 1 | S71: 1 | U71: 1 | V71: 1 | W71: 1 | X71: 1 | Y71: 1 | Z71: 1 | AA71: 1 | AE71: =SUM(G71:AD71) -> 12 | AF71: 08:00 A 13:00 - 14:00 A 21:00 | AG71: LUNES 29 DE DICIEMBRE
A72: SOPORTE TÉCNICO | B72: NTGMMUN0 | D72: 11 | E72: MUÑOZ PACHECO MARIA FERNANDA | F72: =SUM(G72:AD72) -> 10 | O72: 1 | P72: 1 | Q72: 1 | R72: 1 | S72: 1 | T72: 1 | U72: 1 | V72: 1 | W72: 1 | X72: 1 | AE72: =SUM(G72:AD72) -> 10 | AF72: 08:00 A 18:00 | AG72: LUNES 29 DE DICIEMBRE
G73: 00:00 - 01:00 | H73: 01:00 - 02:00 | I73: 02:00 - 03:00 | J73: 03:00 - 04:00 | K73: 04:00 - 05:00 | L73: 05:00 - 06:00 | M73: 06:00 - 07:00 | N73: 07:00 - 08:00 | O73: 08:00 - 09:00 | P73: 09:00 - 10:00 | Q73: 10:00 - 11:00 | R73: 11:00 - 12:00 | S73: 12:00 - 13:00 | T73: 13:00 - 14:00 | U73: 14:00 - 15:00 | V73: 15:00 - 16:00 | W73: 16:00 - 17:00 | X73: 17:00 - 18:00 | Y73: 18:00 - 19:00 | Z73: 19:00 - 20:00 | AA73: 20:00 - 21:00 | AB73: 21:00 - 22:00 | AC73: 22:00 - 23:00 | AD73: 23:00 - 00:00

Sheet 30
A1: Nomenclatura
A2: ATRASO | B2: REPOSO
A3: FALTA | B3: PAGO POR SOPORTE O ADICIONAL | D3: MARTES
A4: VACACIONES | B4: CAPACITACIÓN | E4: DIMENSIONAMIENTO | G4: 4 | H4: 3 | I4: 3 | J4: 3 | K4: 3 | L4: 3 | M4: 10 | N4: 20 | O4: 27 | P4: 29 | Q4: 30 | R4: 30 | S4: 30 | T4: 20 | U4: 23 | V4: 28 | W4: 28 | X4: 33 | Y4: 26 | Z4: 18 | AA4: 11 | AB4: 8 | AC4: 6 | AD4: 4 | AE4: =SUM(G4:AD4) -> 400 | AF4: =AE4/9 -> 44.444444
E5: 30 | G5: 00:00 - 01:00 | H5: 01:00 - 02:00 | I5: 02:00 - 03:00 | J5: 03:00 - 04:00 | K5: 04:00 - 05:00 | L5: 05:00 - 06:00 | M5: 06:00 - 07:00 | N5: 07:00 - 08:00 | O5: 08:00 - 09:00 | P5: 09:00 - 10:00 | Q5: 10:00 - 11:00 | R5: 11:00 - 12:00 | S5: 12:00 - 13:00 | T5: 13:00 - 14:00 | U5: 14:00 - 15:00 | V5: 15:00 - 16:00 | W5: 16:00 - 17:00 | X5: 17:00 - 18:00 | Y5: 18:00 - 19:00 | Z5: 19:00 - 20:00 | AA5: 20:00 - 21:00 | AB5: 21:00 - 22:00 | AC5: 22:00 - 23:00 | AD5: 23:00 - 00:00
G6: =G7-G4 -> 0 | H6: =H7-H4 -> 0 | I6: =I7-I4 -> 0 | J6: =J7-J4 -> 0 | K6: =K7-K4 -> 0 | L6: =L7-L4 -> 0 | M6: =M7-M4 -> 0 | N6: =N7-N4 -> -1 | ... AD6: =AD7-AD4 -> 0 | AE6: =SUM(G6:AD6) -> -7
A7: GESTIÓN | B7: USUARIO | C7: CONTACTO | D7: N° | E7: ASESORES | F7: HT | G7: =SUM(G8:G54) -> 4 | H7: =SUM(H8:H54) -> 3 | I7: =SUM(I8:I54) -> 3 | J7: =SUM(J8:J54) -> 3 | K7: =SUM(K8:K54) -> 3 | L7: =SUM(L8:L54) -> 3 | M7: =SUM(M8:M54) -> 10 | N7: =SUM(N8:N54) -> 19 | ... AD7: =SUM(AD8:AD54) -> 4 | AE7: =SUM(G7:AD7) -> 393 | AF7: HORARIO ASISTENCIA | AG7: FECHA
A8: UNIFICADA | B8: NTGLQUIS | D8: 0 | E8: QUISHPE SIERRA JOSE LUIS | F8: =SUM(G8:AD8) -> 4 | Y8: 1 | Z8: 1 | AA8: 1 | AB8: 1 | AE8: =SUM(G8:AD8) -> 4 | AF8: 18:00 A 22:00 | AG8: MARTES 30 DE DICIEMBRE
A9: UNIFICADA | B9: NTGBACUC | C9: 999600729 | D9: 1 | E9: ACUÑA CAISAGUANO BYRON DANILO | F9: =SUM(G9:AD9) -> 12 | O9: 1 | P9: 1 | Q9: 1 | R9: 1 | S9: 1 | U9: 1 | V9: 1 | W9: 1 | X9: 1 | Y9: 1 | Z9: 1 | AA9: 1 | AE9: =SUM(G9:AD9) -> 12 | AF9: 08:00 A 13:00 - 14:00 A 21:00 | AG9: MARTES 30 DE DICIEMBRE
A10: UNIFICADA | B10: NTGBALED | C10: 984098910 | D10: 2 | E10: ALENCASTRO DELGADO BRIGITTE SCARLET | F10: =SUM(G10:AD10) -> 12 | G10: 1 | H10: 1 | I10: 1 | J10: 1 | K10: 1 | L10: 1 | Y10: 1 | Z10: 1 | AA10: 1 | AB10: 1 | AC10: 1 | AD10: 1 | AE10: =SUM(G10:AD10) -> 12 | AF10: 00:00 A 06:00 - 18:00 A 00:00 | AG10: MARTES 30 DE DICIEMBRE
A11: UNIFICADA | B11: NTGBALEE | C11: 987983128 | D11: 3 | E11: ALENCASTRO DELGADO BRITANY SAMANTA | F11: =SUM(G11:AD11) -> 11 | N11: 1 | O11: 1 | P11: 1 | Q11: 1 | R11: 1 | S11: 1 | U11: 1 | V11: 1 | W11: 1 | X11: 1 | Y11: 1 | AE11: =SUM(G11:AD11) -> 11 | AF11: 07:00 A 13:00 - 14:00 A 19:00 | AG11: MARTES 30 DE DICIEMBRE
A12: UNIFICADA | B12: NTGOAQUO | D12: 4 | E12: AQUINO ORELLANA OTILDA FRANCISCA | F12: =SUM(G12:AD12) -> 11 | N12: 1 | O12: 1 | P12: 1 | Q12: 1 | R12: 1 | S12: 1 | T12: 1 | V12: 1 | W12: 1 | X12: 1 | Y12: 1 | AE12: =SUM(G12:AD12) -> 11 | AF12: 07:00 A 14:00 - 15:00 A 19:00 | AG12: MARTES 30 DE DICIEMBRE
A13: UNIFICADA | B13: NTGAARIF | C13: 998223732 | D13: 5 | E13: ARIAS FARINANGO ARIEL FERNANDO | F13: =SUM(G13:AD13) -> 11 | N13: 1 | O13: 1 | P13: 1 | Q13: 1 | R13: 1 | S13: 1 | U13: 1 | V13: 1 | W13: 1 | X13: 1 | Y13: 1 | AE13: =SUM(G13:AD13) -> 11 | AF13: 07:00 A 13:00 - 14:00 A 19:00 | AG13: MARTES 30 DE DICIEMBRE
A14: UNIFICADA | B14: NTGIARIN | D14: 6 | E14: ARIAS NARVAEZ ISIS ESCARLETH | F14: =SUM(G14:AD14) -> 12 | M14: 1 | N14: 1 | O14: 1 | P14: 1 | Q14: 1 | R14: 1 | S14: 1 | T14: 1 | V14: 1 | W14: 1 | X14: 1 | Y14: 1 | AE14: =SUM(G14:AD14) -> 12 | AF14: 06:00 A 14:00 - 15:00 A 19:00 | AG14: MARTES 30 DE DICIEMBRE
A15: UNIFICADA | B15: NTGJBELL | C15: 979044107 | D15: 7 | E15: BELTRAN VILLALBA JENNIFER MIGREY | F15: =SUM(G15:AD15) -> 11 | M15: 1 | N15: 1 | O15: 1 | P15: 1 | R15: 1 | S15: 1 | T15: 1 | U15: 1 | V15: 1 | W15: 1 | X15: 1 | AE15: =SUM(G15:AD15) -> 11 | AF15: 06:00 A 10:00 - 11:00 A 18:00 | AG15: MARTES 30 DE DICIEMBRE
A16: UNIFICADA | B16: NTGJBEND_1 | C16: 995545886 | D16: 8 | E16: BENALCAZAR DUARTE JEANNETH GISSELA | F16: =SUM(G16:AD16) -> 11 | N16: 1 | O16: 1 | P16: 1 | Q16: 1 | R16: 1 | S16: 1 | T16: 1 | V16: 1 | W16: 1 | X16: 1 | Y16: 1 | AE16: =SUM(G16:AD16) -> 11 | AF16: 07:00 A 14:00 - 15:00 A 19:00 | AG16: MARTES 30 DE DICIEMBRE
A17: UNIFICADA | B17: NTGJBERO | C17: 968594141 | D17: 9 | E17: BERMEJO MALDONADO JONATHAN MAURICIO | F17: =SUM(G17:AD17) -> 12 | N17: 1 | O17: 1 | P17: 1 | Q17: 1 | S17: 1 | T17: 1 | U17: 1 | V17: 1 | W17: 1 | X17: 1 | Y17: 1 | Z17: 1 | AE17: =SUM(G17:AD17) -> 12 | AF17: 07:00 A 11:00 - 12:00 A 20:00 | AG17: MARTES 30 DE DICIEMBRE
A18: UNIFICADA | B18: NTGMCABU | D18: 10 | E18: CABASCANGO BUSE MARITZA ELIZABETH | F18: =SUM(G18:AD18) -> 11 | M18: 1 | N18: 1 | O18: 1 | P18: 1 | Q18: 1 | R18: 1 | S18: 1 | U18: 1 | V18: 1 | W18: 1 | X18: 1 | AE18: =SUM(G18:AD18) -> 11 | AF18: 06:00 A 13:00 - 14:00 A 18:00 | AG18: MARTES 30 DE DICIEMBRE
A19: UNIFICADA | B19: NTGMCAR9 | C19: 989533877 | D19: 11 | E19: CARVAJAL RENGEL MARIA BELEN | F19: =SUM(G19:AD19) -> 0 | G19: V | H19: V | I19: V | J19: V | K19: V | L19: V | M19: V | N19: V | O19: V | P19: V | Q19: V | R19: V | S19: V | T19: V | U19: V | V19: V | W19: V | X19: V | Y19: V | Z19: V | AA19: V | AB19: V | AC19: V | AD19: V | AE19: =SUM(G19:AD19) -> 0 | AF19: VACACIONES | AG19: MARTES 30 DE DICIEMBRE
A20: UNIFICADA | B20: NTGTCHII | C20: 997829699 | D20: 12 | E20: CHINGA PITIUR TATIANA LIZBETH | F20: =SUM(G20:AD20) -> 11 | N20: 1 | O20: 1 | P20: 1 | Q20: 1 | R20: 1 | S20: 1 | U20: 1 | V20: 1 | W20: 1 | X20: 1 | Y20: 1 | AE20: =SUM(G20:AD20) -> 11 | AF20: 07:00 A 13:00 - 14:00 A 19:00 | AG20: MARTES 30 DE DICIEMBRE
A21: UNIFICADA | B21: NTGCCOLT | D21: 13 | E21: COLCHA TOAPANTA CINTHYA VANESSA | F21: =SUM(G21:AD21) -> 12 | G21: 1 | P21: 1 | Q21: 1 | R21: 1 | S21: 1 | T21: 1 | V21: 1 | W21: 1 | X21: 1 | Y21: 1 | Z21: 1 | AA21: 1 | AE21: =SUM(G21:AD21) -> 12 | AF21: 00:00 A 01:00 - 09:00 A 14:00 - 15:00 A 21:00 | AG21: MARTES 30 DE DICIEMBRE
A22: UNIFICADA | B22: NTGADELN | C22: 996303208 | D22: 14 | E22: DEL CASTILLO MANCHENO ANDRES DARIO | F22: =SUM(G22:AD22) -> 12 | M22: 1 | N22: 1 | O22: 1 | P22: 1 | Q22: 1 | R22: 1 | S22: 1 | U22: 1 | V22: 1 | W22: 1 | X22: 1 | Y22: 1 | AE22: =SUM(G22:AD22) -> 12 | AF22: 06:00 A 13:00 - 14:00 A 19:00 | AG22: MARTES 30 DE DICIEMBRE
A23: UNIFICADA | B23: NTGYGOMR | C23: 991837641 | D23: 15 | E23: GOMEZ ROSALES YANINA BELEN | F23: =SUM(G23:AD23) -> 6 | O23: 1 | P23: 1 | Q23: 1 | R23: 1 | S23: 1 | T23: 1 | AE23: =SUM(G23:AD23) -> 6 | AF23: 08:00 A 14:00 | AG23: MARTES 30 DE DICIEMBRE
A24: UNIFICADA | B24: NTGCGUAH | C24: 985570860 | D24: 16 | E24: GUANOLUISA REMACHE CHRISTIAN ALEXANDER | F24: =SUM(G24:AD24) -> 12 | N24: 1 | O24: 1 | P24: 1 | Q24: 1 | R24: 1 | S24: 1 | U24: 1 | V24: 1 | W24: 1 | X24: 1 | Y24: 1 | Z24: 1 | AE24: =SUM(G24:AD24) -> 12 | AF24: 07:00 A 13:00 - 14:00 A 20:00 | AG24: MARTES 30 DE DICIEMBRE
A25: UNIFICADA | B25: NTGLJACC | C25: 961816449 | D25: 17 | E25: JACOME CAMACHO LUIS HUMBERTO | F25: =SUM(G25:AD25) -> 12 | M25: 1 | N25: 1 | O25: 1 | P25: 1 | Q25: 1 | R25: 1 | S25: 1 | T25: 1 | U25: 1 | V25: 1 | W25: 1 | X25: 1 | AE25: =SUM(G25:AD25) -> 12 | AF25: 06:00 A 18:00 | AG25: MARTES 30 DE DICIEMBRE
A26: UNIFICADA | B26: NTGMJIM0 | C26: 989858490 | D26: 18 | E26: JIMENEZ SILVA MIRIAN PAMELA | F26: =SUM(G26:AD26) -> 13 | M26: 1 | N26: 1 | O26: 1 | P26: 1 | Q26: 1 | R26: 1 | S26: 1 | T26: 1 | U26: 1 | V26: 1 | W26: 1 | X26: 1 | Y26: 1 | AE26: =SUM(G26:AD26) -> 13 | AF26: 06:00 A 11:00 - 12:00 A 19:00 | AG26: MARTES 30 DE DICIEMBRE
A27: UNIFICADA | B27: NTGELECS | C27: 988957267 | D27: 19 | E27: LECHON SANDOVAL ERICK FERNANDO | F27: =SUM(G27:AD27) -> 11 | O27: 1 | P27: 1 | Q27: 1 | R27: 1 | S27: 1 | T27: 1 | V27: 1 | W27: 1 | X27: 1 | Y27: 1 | Z27: 1 | AE27: =SUM(G27:AD27) -> 11 | AF27: 08:00 A 14:00 - 15:00 A 20:00 | AG27: MARTES 30 DE DICIEMBRE
A28: UNIFICADA | B28: NTGJMEN13 | D28: 20 | E28: MENDOZA PALACIOS JHON HENRY | F28: =SUM(G28:AD28) -> 11 | O28: 1 | P28: 1 | Q28: 1 | R28: 1 | S28: 1 | T28: 1 | V28: 1 | W28: 1 | X28: 1 | Y28: 1 | Z28: 1 | AE28: =SUM(G28:AD28) -> 11 | AF28: 08:00 A 14:00 - 15:00 A 20:00 | AG28: MARTES 30 DE DICIEMBRE
A29: UNIFICADA | B29: NTGJMOR53 | D29: 21 | E29: MORALES MARTINEZ JOSUE JAVIER | F29: =SUM(G29:AD29) -> 6 | W29: 1 | X29: 1 | Y29: 1 | Z29: 1 | AA29: 1 | AB29: 1 | AE29: =SUM(G29:AD29) -> 6 | AF29: 16:00 A 22:00 | AG29: MARTES 30 DE DICIEMBRE
A30: UNIFICADA | B30: NTGJMOR48 | C30: 962757006 | D30: 22 | E30: MORENO NORIEGA JORGE OSVALDO | F30: =SUM(G30:AD30) -> 11 | O30: 1 | P30: 1 | Q30: 1 | R30: 1 | S30: 1 | T30: 1 | U30: 1 | V30: 1 | X30: 1 | Y30: 1 | Z30: 1 | AE30: =SUM(G30:AD30) -> 11 | AF30: 08:00 A 16:00 - 17:00 A 20:00 | AG30: MARTES 30 DE DICIEMBRE
A31: UNIFICADA | B31: NTGTMORC | D31: 23 | E31: MOROCHO CALDERON TANIA DENISSE | F31: =SUM(G31:AD31) -> 12 | O31: 1 | P31: 1 | Q31: 1 | R31: 1 | S31: 1 | T31: 1 | U31: 1 | V31: 1 | W31: 1 | X31: 1 | Y31: 1 | Z31: 1 | AE31: =SUM(G31:AD31) -> 12 | AF31: 08:00 A 20:00 | AG31: MARTES 30 DE DICIEMBRE
A32: UNIFICADA | B32: NTGKNARM | C32: 995055956 | D32: 24 | E32: NARVAEZ MALDONADO KARLA JULIET | F32: =SUM(G32:AD32) -> 11 | O32: 1 | P32: 1 | Q32: 1 | R32: 1 | S32: 1 | U32: 1 | V32: 1 | W32: 1 | X32: 1 | Y32: 1 | Z32: 1 | AE32: =SUM(G32:AD32) -> 11 | AF32: 08:00 A 13:00 - 14:00 A 20:00 | AG32: MARTES 30 DE DICIEMBRE
A33: UNIFICADA | B33: NTGMPALR | D33: 25 | E33: PALOMO RAMIREZ MAYERLI RAQUEL | F33: =SUM(G33:AD33) -> 6 | N33: 1 | O33: 1 | P33: 1 | Q33: 1 | R33: 1 | S33: 1 | AE33: =SUM(G33:AD33) -> 6 | AF33: 07:00 A 13:00 | AG33: MARTES 30 DE DICIEMBRE
A34: UNIFICADA | B34: NTGEQUI6 | C34: 990489779 | D34: 27 | E34: QUISHPE SIERRA ESTEBAN IGNACIO | F34: =SUM(G34:AD34) -> 11 | M34: 1 | N34: 1 | O34: 1 | P34: 1 | Q34: 1 | R34: 1 | S34: 1 | U34: 1 | V34: 1 | W34: 1 | X34: 1 | AE34: =SUM(G34:AD34) -> 11 | AF34: 06:00 A 13:00 - 14:00 A 18:00 | AG34: MARTES 30 DE DICIEMBRE
A35: UNIFICADA | B35: NTGJQUI50 | D35: 26 | E35: QUISPE PALACIOS JOSELYN YADIRA | F35: =SUM(G35:AD35) -> 11 | G35: 1 | H35: 1 | I35: 1 | J35: 1 | K35: 1 | L35: 1 | Z35: 1 | AA35: 1 | AB35: 1 | AC35: 1 | AD35: 1 | AE35: =SUM(G35:AD35) -> 11 | AF35: 00:00 A 06:00 - 19:00 A 00:00 | AG35: MARTES 30 DE DICIEMBRE
A36: UNIFICADA | B36: NTGRQUIV | C36: 981074073 | D36: 28 | E36: QUITIAQUEZ VELASCO RICHARD DAVID | F36: =SUM(G36:AD36) -> 11 | M36: 1 | N36: 1 | O36: 1 | P36: 1 | Q36: 1 | R36: 1 | S36: 1 | U36: 1 | V36: 1 | W36: 1 | X36: 1 | AE36: =SUM(G36:AD36) -> 11 | AF36: 06:00 A 13:00 - 14:00 A 18:00 | AG36: MARTES 30 DE DICIEMBRE
A37: UNIFICADA | B37: NTGCROMA | D37: 29 | E37: ROMERO CARRION CARLOS HUMBERTO | F37: =SUM(G37:AD37) -> 11 | M37: 1 | N37: 1 | O37: 1 | P37: 1 | Q37: 1 | R37: 1 | S37: 1 | T37: 1 | V37: 1 | W37: 1 | X37: 1 | AE37: =SUM(G37:AD37) -> 11 | AF37: 06:00 A 14:00 - 15:00 A 18:00 | AG37: MARTES 30 DE DICIEMBRE
A38: UNIFICADA | B38: NTGKRUBB | D38: 30 | E38: RUBIO BOADA KAREN NICOLE | F38: =SUM(G38:AD38) -> 0 | N38: FI | O38: FI | P38: FI | Q38: FI | R38: FI | S38: FI | T38: FI | V38: FI | W38: FI | X38: FI | Y38: FI | AE38: =SUM(G38:AD38) -> 0 | AF38: 07:00 A 14:00 - 15:00 A 19:00 | AG38: MARTES 30 DE DICIEMBRE
A39: UNIFICADA | B39: NTGASAMU | C39: 962936744 | D39: 31 | E39: SAMPEDRO BUÑAY ANA MARIA | F39: =SUM(G39:AD39) -> 12 | G39: 1 | H39: 1 | I39: 1 | J39: 1 | K39: 1 | L39: 1 | Y39: 1 | Z39: 1 | AA39: 1 | AB39: 1 | AC39: 1 | AD39: 1 | AE39: =SUM(G39:AD39) -> 12 | AF39: 00:00 A 06:00 - 18:00 A 00:00 | AG39: MARTES 30 DE DICIEMBRE
A40: UNIFICADA | B40: NTGDTUAA | D40: 32 | E40: TUAPANTA CHANATAXI DANILO JAVIER | F40: =SUM(G40:AD40) -> 11 | N40: 1 | O40: 1 | P40: 1 | Q40: 1 | R40: 1 | S40: 1 | T40: 1 | U40: 1 | V40: 1 | W40: 1 | X40: 1 | AE40: =SUM(G40:AD40) -> 11 | AF40: 07:00 A 18:00 | AG40: MARTES 30 DE DICIEMBRE
A41: UNIFICADA | B41: NTGJUCHC | C41: 984490770 | D41: 33 | E41: UCHUPANTA CUASPA JONATHAN JOSE | F41: =SUM(G41:AD41) -> 11 | P41: 1 | Q41: 1 | R41: 1 | S41: 1 | U41: 1 | V41: 1 | W41: 1 | X41: 1 | Y41: 1 | Z41: 1 | AA41: 1 | AE41: =SUM(G41:AD41) -> 11 | AF41: 09:00 A 13:00 - 14:00 A 21:00 | AG41: MARTES 30 DE DICIEMBRE
A42: UNIFICADA | B42: NTGWULLC | C42: 979137365 | D42: 34 | E42: ULLCU COCHA WILMER MARIO | F42: =SUM(G42:AD42) -> 12 | Q42: 1 | R42: 1 | S42: 1 | T42: 1 | U42: 1 | V42: 1 | X42: 1 | Y42: 1 | Z42: 1 | AA42: 1 | AB42: 1 | AC42: 1 | AE42: =SUM(G42:AD42) -> 12 | AF42: 10:00 A 16:00 - 17:00 A 23:00 | AG42: MARTES 30 DE DICIEMBRE
A43: UNIFICADA | B43: NTGTZAMN | C43: 986256130 | D43: 35 | E43: ZAMBRANO NAPA TANIA LISBETH | F43: 12 | M43: 1 | N43: 1 | O43: 1 | P43: 1 | Q43: 1 | R43: 1 | S43: 1 | T43: 1 | V43: 1 | W43: 1 | X43: 1 | Y43: 1 | AE43: =SUM(G43:AD43) -> 12 | AF43: 06:00 A 14:00 - 15:00 A 19:00 | AG43: MARTES 30 DE DICIEMBRE
A44: UNIFICADA | B44: NTGDZAML | D44: 36 | E44: ZAMBRANO SOLANO DIEGO ALEXANDER | F44: =SUM(G44:AD44) -> 9 | V44: 1 | W44: 1 | X44: 1 | Y44: 1 | Z44: 1 | AA44: 1 | AB44: 1 | AC44: 1 | AD44: 1 | AE44: =SUM(G44:AD44) -> 9 | AF44: 15:00 A 00:00 | AG44: MARTES 30 DE DICIEMBRE
A45: UNIFICADA | B45: NTGVZURN | C45: 998810875 | D45: 37 | E45: ZURITA NARVAEZ VERONICA CECILIA | F45: =SUM(G45:AD45) -> 12 | Q45: 1 | R45: 1 | S45: 1 | T45: 1 | U45: 1 | V45: 1 | W45: 1 | X45: 1 | Y45: 1 | Z45: 1 | AA45: 1 | AB45: 1 | AE45: =SUM(G45:AD45) -> 12 | AF45: 10:00 A 22:00 | AG45: MARTES 30 DE DICIEMBRE
A46: MONITOREOS | B46: NTGAALED | C46: 983804379 | D46: 1 | E46: ALENCASTRO DELGADO ANGELO JOSUE | F46: 8 | V46: MONITOREOS BRM | AE46: 8 | AF46: 15:00 A 23:00 | AG46: MARTES 30 DE DICIEMBRE
A47: MONITOREOS | B47: NTGMCAIA | C47: 962839078 | D47: 2 | E47: CAICEDO SIMBAÑA MATEO ANDRES | F47: 8 | V47: MONITOREOS BRM | AE47: 8 | AF47: 15:00 A 23:00 | AG47: MARTES 30 DE DICIEMBRE
A48: MONITOREOS | B48: NTGEMOR1 | C48: 990660059 | D48: 3 | E48: MORALES LIMA ERIKA ALEXANDRA | F48: 8 | V48: MONITOREOS BRM | AE48: 8 | AF48: 15:00 A 23:00 | AG48: MARTES 30 DE DICIEMBRE
A49: MONITOREOS | B49: NTGSREAG | C49: 988941361 | D49: 4 | E49: REA GUACHAMIN SHIRLEY NICOLE | F49: 8 | V49: MONITOREOS BRM | AE49: 8 | AF49: 15:00 A 23:00 | AG49: MARTES 30 DE DICIEMBRE
A50: MONITOREOS | B50: NTGDTACQ | D50: 5 | E50: TACURI QUICHIMBO DAYANA LIZETH | F50: 10 | T50: 1 | U50: 1 | V50: MONITOREOS BRM | AE50: 10 | AF50: 13:00 A 23:00 | AG50: MARTES 30 DE DICIEMBRE
A51: MONITOREOS | B51: NTGMZUNO | C51: 982807786 | D51: 6 | E51: ZUÑIGA MORENO MISHELL STEFANIA | F51: 10 | T51: 1 | U51: 1 | V51: MONITOREOS BRM | AE51: 10 | AF51: 13:00 A 23:00 | AG51: MARTES 30 DE DICIEMBRE
A52: CLIENTES VIP | B52: NTGMLOAS | C52: 984891008 | D52: 1 | E52: LOAIZA SISA MISHELLE JAZMIN | F52: 9 | N52: CLIENTES VIP | V52: 1 | AE52: 9 | AF52: 07:00 A 16:00 | AG52: MARTES 30 DE DICIEMBRE
A53: CLIENTES VIP | B53: NTGDNICC | C53: 983356603 | D53: 2 | E53: NICOLALDE GARCIA DAIVERLYN IVETH | F53: 9 | U53: 1 | V53: CLIENTES VIP | AE53: 9 | AF53: 14:00 A 23:00 | AG53: MARTES 30 DE DICIEMBRE
A54: SOPORTE DTH | B54: NTGMBAR2 | D54: 1 | E54: BARBOSA REASCOS MICHAEL JOSUE | F54: 11 | P54: SOPORTE DTH | AE54: 11 | AF54: 09:00 A 20:00 | AG54: MARTES 30 DE DICIEMBRE
A55: SEG. TRANSFERENCIAS | D55: 1 | E55: FIGUEROA COELLO NATHALIA ESTEFANIA | F55: 12 | O55: SEGUIMIENTO TRANSFERENCIAS | AE55: 12 | AF55: 08:00 A 20:00 | AG55: MARTES 30 DE DICIEMBRE
G56: 00:00 - 01:00 | H56: 01:00 - 02:00 | I56: 02:00 - 03:00 | J56: 03:00 - 04:00 | K56: 04:00 - 05:00 | L56: 05:00 - 06:00 | M56: 06:00 - 07:00 | N56: 07:00 - 08:00 | O56: 08:00 - 09:00 | P56: 09:00 - 10:00 | Q56: 10:00 - 11:00 | R56: 11:00 - 12:00 | S56: 12:00 - 13:00 | T56: 13:00 - 14:00 | U56: 14:00 - 15:00 | V56: 15:00 - 16:00 | W56: 16:00 - 17:00 | X56: 17:00 - 18:00 | Y56: 18:00 - 19:00 | Z56: 19:00 - 20:00 | AA56: 20:00 - 21:00 | AB56: 21:00 - 22:00 | AC56: 22:00 - 23:00 | AD56: 23:00 - 00:00
E58: DIMENSIONAMIENTO | G58: 2 | H58: 2 | I58: 2 | J58: 2 | K58: 2 | L58: 2 | M58: 3 | N58: 3 | O58: 6 | P58: 7 | Q58: 7 | R58: 7 | S58: 7 | T58: 7 | U58: 7 | V58: 7 | W58: 7 | X58: 6 | Y58: 6 | Z58: 6 | AA58: 5 | AB58: 4 | AC58: 3 | AD58: 2 | AE58: =SUM(G58:AD58) -> 112
G59: =G61-G58 -> 0 | H59: =H61-H58 -> 0 | I59: =I61-I58 -> 0 | J59: =J61-J58 -> 0 | K59: =K61-K58 -> 0 | L59: =L61-L58 -> 0 | M59: =M61-M58 -> -1 | N59: =N61-N58 -> 1 | ... AD59: =AD61-AD58 -> 0
E60: SOPORTE TÉCNICO | G60: 00:00 - 01:00 | H60: 01:00 - 02:00 | I60: 02:00 - 03:00 | J60: 03:00 - 04:00 | K60: 04:00 - 05:00 | L60: 05:00 - 06:00 | M60: 06:00 - 07:00 | N60: 07:00 - 08:00 | O60: 08:00 - 09:00 | P60: 09:00 - 10:00 | Q60: 10:00 - 11:00 | R60: 11:00 - 12:00 | S60: 12:00 - 13:00 | T60: 13:00 - 14:00 | U60: 14:00 - 15:00 | V60: 15:00 - 16:00 | W60: 16:00 - 17:00 | X60: 17:00 - 18:00 | Y60: 18:00 - 19:00 | Z60: 19:00 - 20:00 | AA60: 20:00 - 21:00 | AB60: 21:00 - 22:00 | AC60: 22:00 - 23:00 | AD60: 23:00 - 00:00
E61: ASESORES | F61: HT | G61: =SUM(G62:G72) -> 2 | H61: =SUM(H62:H72) -> 2 | I61: =SUM(I62:I72) -> 2 | J61: =SUM(J62:J72) -> 2 | K61: =SUM(K62:K72) -> 2 | L61: =SUM(L62:L72) -> 2 | M61: =SUM(M62:M72) -> 2 | N61: =SUM(N62:N72) -> 4 | ... AD61: =SUM(AD62:AD72) -> 2 | AE61: =SUM(G61:AD61) -> 109 | AF61: HORARIO ASISTENCIA | AG61: FECHA
A62: SOPORTE TÉCNICO | B62: NTGECHIT | C62: 996585473 | D62: 1 | E62: CHICAIZA ORTIZ ERIKA VANESSA | F62: =SUM(G62:AD62) -> 10 | N62: 1 | O62: 1 | P62: 1 | Q62: 1 | R62: 1 | T62: 1 | U62: 1 | V62: 1 | W62: 1 | X62: 1 | AE62: =SUM(G62:AD62) -> 10 | AF62: 07:00 A 12:00 - 13:00 A 18:00 | AG62: MARTES 30 DE DICIEMBRE
A63: SOPORTE TÉCNICO | B63: NTGMCRUL | D63: 2 | E63: CRUZ ALVARADO MARIA ESTHELLA | F63: =SUM(G63:AD63) -> 10 | P63: 1 | Q63: 1 | R63: 1 | S63: 1 | T63: 1 | U63: 1 | V63: 1 | W63: 1 | X63: 1 | Y63: 1 | AE63: =SUM(G63:AD63) -> 10 | AF63: 09:00 A 19:00 | AG63: MARTES 30 DE DICIEMBRE
A64: SOPORTE TÉCNICO | B64: NTGDCUNU | C64: 969250973 | D64: 3 | E64: CUNALATA GUANO DAYANA ESKARLETH | F64: =SUM(G64:AD64) -> 9 | O64: 1 | P64: 1 | Q64: 1 | R64: 1 | S64: 1 | U64: 1 | V64: 1 | W64: 1 | X64: 1 | AE64: =SUM(G64:AD64) -> 9 | AF64: 08:00 A 13:00 - 14:00 A 18:00 | AG64: MARTES 30 DE DICIEMBRE
A65: SOPORTE TÉCNICO | B65: NTGWENRJ | C65: 990911747 | D65: 4 | E65: ENRIQUEZ JARAMILLO WENDY JAZMIN | F65: =SUM(G65:AD65) -> 9 | M65: 1 | N65: 1 | O65: 1 | P65: 1 | Q65: 1 | R65: 1 | T65: 1 | U65: 1 | V65: C | W65: 1 | AE65: =SUM(G65:AD65) -> 9 | AF65: 06:00 A 12:00 - 13:00 A 17:00 | AG65: MARTES 30 DE DICIEMBRE
A66: SOPORTE TÉCNICO | B66: NTGKGAVA_1 | C66: 993901115 | D66: 5 | E66: GAVILANES AGUIRRE KLEVER GIOVANNY | F66: =SUM(G66:AD66) -> 12 | G66: 1 | H66: 1 | I66: 1 | J66: 1 | K66: 1 | L66: 1 | Y66: 1 | Z66: 1 | AA66: 1 | AB66: 1 | AC66: 1 | AD66: 1 | AE66: =SUM(G66:AD66) -> 12 | AF66: 00:00 A 06:00 - 18:00 A 00:00 | AG66: MARTES 30 DE DICIEMBRE
A67: SOPORTE TÉCNICO | B67: NTGLMENR | C67: 992994680 | D67: 6 | E67: MENA RIERA LUIS FERNANDO | F67: =SUM(G67:AD67) -> 9 | M67: 1 | N67: 1 | O67: 1 | P67: 1 | Q67: 1 | R67: 1 | S67: 1 | T67: 1 | U67: 1 | AE67: =SUM(G67:AD67) -> 9 | AF67: 06:00 A 15:00 | AG67: MARTES 30 DE DICIEMBRE
A68: SOPORTE TÉCNICO | B68: NTGKPILQ | D68: 7 | E68: PILATAXI QUILLUPANGUI KATHYA MISHELL | F68: =SUM(G68:AD68) -> 12 | G68: 1 | H68: 1 | I68: 1 | J68: 1 | K68: 1 | L68: 1 | Y68: 1 | Z68: 1 | AA68: 1 | AB68: 1 | AC68: 1 | AD68: 1 | AE68: =SUM(G68:AD68) -> 12 | AF68: 00:00 A 06:00 - 18:00 A 00:00 | AG68: MARTES 30 DE DICIEMBRE
A69: SOPORTE TÉCNICO | B69: NTGCCHA3 | D69: 8 | E69: CHAFUELAN CEDEÑO CRISTOPHER ALEJANDRO | F69: =SUM(G69:AD69) -> 10 | Q69: 1 | R69: 1 | S69: 1 | T69: 1 | U69: 1 | V69: C | X69: 1 | Y69: 1 | Z69: 1 | AA69: 1 | AB69: 1 | AE69: =SUM(G69:AD69) -> 10 | AF69: 10:00 A 16:00 - 17:00 A 22:00 | AG69: MARTES 30 DE DICIEMBRE
A70: SOPORTE TÉCNICO | B70: NTGDGUEO | D70: 10 | E70: GUERREO LOPEZ DIEGO XAVIER | F70: =SUM(G70:AD70) -> 10 | S70: 1 | T70: 1 | V70: 1 | W70: 1 | X70: 1 | Y70: 1 | Z70: 1 | AA70: 1 | AB70: 1 | AC70: 1 | AE70: =SUM(G70:AD70) -> 10 | AF70: 12:00 A 14:00 - 15:00 A 23:00 | AG70: MARTES 30 DE DICIEMBRE
A71: SOPORTE TÉCNICO | B71: NTGTMUNO | D71: 11 | E71: MUÑOZ MORENO THOMAS SEBASTIAN | F71: =SUM(G71:AD71) -> 11 | O71: 1 | P71: 1 | Q71: 1 | R71: 1 | S71: 1 | U71: 1 | V71: 1 | W71: 1 | X71: 1 | Y71: 1 | Z71: 1 | AE71: =SUM(G71:AD71) -> 11 | AF71: 08:00 A 13:00 - 14:00 A 20:00 | AG71: MARTES 30 DE DICIEMBRE
A72: SOPORTE TÉCNICO | B72: NTGMMUN0 | D72: 12 | E72: MUÑOZ PACHECO MARIA FERNANDA | F72: =SUM(G72:AD72) -> 7 | N72: 1 | O72: 1 | P72: 1 | Q72: 1 | R72: 1 | S72: 1 | T72: 1 | AE72: =SUM(G72:AD72) -> 7 | AF72: 06:00 A 14:00 | AG72: MARTES 30 DE DICIEMBRE
G73: 00:00 - 01:00 | H73: 01:00 - 02:00 | I73: 02:00 - 03:00 | J73: 03:00 - 04:00 | K73: 04:00 - 05:00 | L73: 05:00 - 06:00 | M73: 06:00 - 07:00 | N73: 07:00 - 08:00 | O73: 08:00 - 09:00 | P73: 09:00 - 10:00 | Q73: 10:00 - 11:00 | R73: 11:00 - 12:00 | S73: 12:00 - 13:00 | T73: 13:00 - 14:00 | U73: 14:00 - 15:00 | V73: 15:00 - 16:00 | W73: 16:00 - 17:00 | X73: 17:00 - 18:00 | Y73: 18:00 - 19:00 | Z73: 19:00 - 20:00 | AA73: 20:00 - 21:00 | AB73: 21:00 - 22:00 | AC73: 22:00 - 23:00 | AD73: 23:00 - 00:00

Sheet Hoja 571

Sheet 31.
A1: Nomenclatura
A2: ATRASO | B2: REPOSO
A3: FALTA | B3: PAGO POR SOPORTE O ADICIONAL | D3: SABADO | AF3: 31 | AI3: =AE4/10 -> 20.8
A4: VACACIONES | B4: CAPACITACIÓN | E4: DIMENSIONAMIENTO | G4: 4 | H4: 3 | I4: 3 | J4: 3 | K4: 3 | L4: 3 | M4: 10 | N4: 10 | O4: 16 | P4: 9 | Q4: 14 | R4: 13 | S4: 14 | T4: 12 | U4: 10 | V4: 9 | W4: 8 | X4: 7 | Y4: 7 | Z4: 15 | AA4: 14 | AB4: 11 | AC4: 6 | AD4: 4 | AE4: =SUM(G4:AD4) -> 208
E5: 31 | G5: 00:00 - 01:00 | H5: 01:00 - 02:00 | I5: 02:00 - 03:00 | J5: 03:00 - 04:00 | K5: 04:00 - 05:00 | L5: 05:00 - 06:00 | M5: 06:00 - 07:00 | N5: 07:00 - 08:00 | O5: 08:00 - 09:00 | P5: 09:00 - 10:00 | Q5: 10:00 - 11:00 | R5: 11:00 - 12:00 | S5: 12:00 - 13:00 | T5: 13:00 - 14:00 | U5: 14:00 - 15:00 | V5: 15:00 - 16:00 | W5: 16:00 - 17:00 | X5: 17:00 - 18:00 | Y5: 18:00 - 19:00 | Z5: 19:00 - 20:00 | AA5: 20:00 - 21:00 | AB5: 21:00 - 22:00 | AC5: 22:00 - 23:00 | AD5: 23:00 - 00:00
G6: =G7-G4 -> 0 | H6: =H7-H4 -> 0 | I6: =I7-I4 -> 0 | J6: =J7-J4 -> 0 | K6: =K7-K4 -> 0 | L6: =L7-L4 -> 0 | M6: =M7-M4 -> -4 | N6: =N7-N4 -> -5 | ... AD6: =AD7-AD4 -> 0 | AE6: =SUM(G6:AD6) -> -25
A7: GESTIÓN | B7: USUARIO | C7: CONTACTO | D7: N° | E7: ASESORES | F7: HT | G7: =SUM(G8:G49) -> 4 | H7: =SUM(H8:H49) -> 3 | I7: =SUM(I8:I49) -> 3 | J7: =SUM(J8:J49) -> 3 | K7: =SUM(K8:K49) -> 3 | L7: =SUM(L8:L49) -> 3 | M7: =SUM(M8:M49) -> 6 | N7: =SUM(N8:N49) -> 5 | ... AD7: =SUM(AD8:AD49) -> 4 | AE7: =SUM(G7:AD7) -> 183 | AF7: HORARIO ASISTENCIA | AG7: CAMPAÑA | AI7: FECHA
A8: UNIFICADA | B8: NTGBALED | C8: 984098910 | D8: 1 | E8: ALENCASTRO DELGADO BRIGITTE SCARLET | F8: =SUM(G8:AD8) -> 7 | G8: 1 | H8: 1 | I8: 1 | J8: 1 | K8: 1 | L8: 1 | M8: 1 | AE8: =SUM(G8:AD8) -> 7 | AF8: 00:00 A 07:00 | AG8: UNIFICADA | AI8: LUNES 26 DE ENERO
A9: UNIFICADA | B9: NTGBALEE | C9: 987983128 | D9: 2 | E9: ALENCASTRO DELGADO BRITANY SAMANTA | F9: =SUM(G9:AD9) -> 0 | G9: 0 | H9: 0 | I9: 0 | J9: 0 | K9: 0 | L9: 0 | M9: 0 | N9: 0 | O9: 0 | P9: 0 | Q9: 0 | R9: 0 | S9: 0 | T9: 0 | U9: 0 | V9: 0 | W9: 0 | X9: 0 | Y9: 0 | Z9: 0 | AA9: 0 | AB9: 0 | AC9: 0 | AD9: 0 | AE9: =SUM(G9:AD9) -> 0 | AF9: LIBRE | AG9: UNIFICADA | AI9: LUNES 26 DE ENERO
A10: UNIFICADA | B10: NTGOAQUO | D10: 3 | E10: AQUINO ORELLANA OTILDA FRANCISCA | F10: =SUM(G10:AD10) -> 0 | G10: 0 | H10: 0 | I10: 0 | J10: 0 | K10: 0 | L10: 0 | M10: 0 | N10: 0 | O10: 0 | P10: 0 | Q10: 0 | R10: 0 | S10: 0 | T10: 0 | U10: 0 | V10: 0 | W10: 0 | X10: 0 | Y10: 0 | Z10: 0 | AA10: 0 | AB10: 0 | AC10: 0 | AD10: 0 | AE10: =SUM(G10:AD10) -> 0 | AF10: LIBRE | AG10: UNIFICADA | AI10: LUNES 26 DE ENERO
A11: UNIFICADA | B11: NTGAARIF | C11: 998223732 | D11: 4 | E11: ARIAS FARINANGO ARIEL FERNANDO | F11: =SUM(G11:AD11) -> 8 | O11: 1 | P11: 1 | Q11: 1 | R11: 1 | S11: 1 | T11: 1 | V11: 1 | W11: 1 | AE11: =SUM(G11:AD11) -> 8 | AF11: 08:00 A 14:00 - 15:00 A 17:00 | AG11: UNIFICADA | AI11: LUNES 26 DE ENERO
A12: UNIFICADA | B12: NTGIARIN | D12: 5 | E12: ARIAS NARVAEZ ISIS ESCARLETH | F12: =SUM(G12:AD12) -> 0 | G12: 0 | H12: 0 | I12: 0 | J12: 0 | K12: 0 | L12: 0 | M12: 0 | N12: 0 | O12: 0 | P12: 0 | Q12: 0 | R12: 0 | S12: 0 | T12: 0 | U12: 0 | V12: 0 | W12: 0 | X12: 0 | Y12: 0 | Z12: 0 | AA12: 0 | AB12: 0 | AC12: 0 | AD12: 0 | AE12: =SUM(G12:AD12) -> 0 | AF12: LIBRE | AG12: UNIFICADA | AI12: LUNES 26 DE ENERO
A13: UNIFICADA | B13: NTGJBELL | C13: 979044107 | D13: 6 | E13: BELTRAN VILLALBA JENNIFER MIGREY | F13: =SUM(G13:AD13) -> 0 | AE13: =SUM(G13:AD13) -> 0 | AF13: RENUNCIA | AG13: UNIFICADA | AI13: LUNES 26 DE ENERO
A14: UNIFICADA | B14: NTGMCABU | D14: 7 | E14: CABASCANGO BUSE MARITZA ELIZABETH | F14: =SUM(G14:AD14) -> 0 | G14: 0 | H14: 0 | I14: 0 | J14: 0 | K14: 0 | L14: 0 | M14: 0 | N14: 0 | O14: 0 | P14: 0 | Q14: 0 | R14: 0 | S14: 0 | T14: 0 | U14: 0 | V14: 0 | W14: 0 | X14: 0 | Y14: 0 | Z14: 0 | AA14: 0 | AB14: 0 | AC14: 0 | AD14: 0 | AE14: =SUM(G14:AD14) -> 0 | AF14: LIBRE | AG14: UNIFICADA | AI14: LUNES 26 DE ENERO
A15: UNIFICADA | B15: NTGCCOLT | D15: 8 | E15: COLCHA TOAPANTA CINTHYA VANESSA | F15: =SUM(G15:AD15) -> 5 | Z15: 1 | AA15: 1 | AB15: 1 | AC15: 1 | AD15: 1 | AE15: =SUM(G15:AD15) -> 5 | AF15: 19:00 A 00:00 | AG15: UNIFICADA | AI15: LUNES 26 DE ENERO
A16: UNIFICADA | B16: NTGADELN | C16: 996303208 | D16: 9 | E16: DEL CASTILLO MANCHENO ANDRES DARIO | F16: =SUM(G16:AD16) -> 13 | Q16: 1 | R16: 1 | S16: 1 | T16: 1 | U16: 1 | V16: 1 | X16: 1 | Y16: 1 | Z16: 1 | AA16: 1 | AB16: 1 | AC16: 1 | AD16: 1 | AE16: =SUM(G16:AD16) -> 13 | AF16: 10:00 A 16:00 - 17:00 A 00:00 | AG16: UNIFICADA | AI16: LUNES 26 DE ENERO
A17: UNIFICADA | B17: NTGCGUAH | C17: 985570860 | D17: 10 | E17: GUANOLUISA REMACHE CHRISTIAN ALEXANDER | F17: 14 | O17: 1 | P17: DTH | AA17: 1 | AB17: 1 | AE17: 14 | AF17: 08:00 A 22:00 | AG17: DTH | AH17: UNIFICADA | AI17: LUNES 26 DE ENERO
A18: UNIFICADA | B18: NTGJMOR53 | D18: 11 | E18: MORALES MARTINEZ JOSUE JAVIER | F18: =SUM(G18:AD18) -> 10 | M18: 1 | N18: 1 | O18: 1 | P18: 1 | Q18: 1 | R18: 1 | S18: 1 | U18: 1 | V18: 1 | W18: 1 | AE18: =SUM(G18:AD18) -> 10 | AF18: 06:00 A 13:00 - 14:00 A 17:00 | AG18: UNIFICADA | AI18: LUNES 26 DE ENERO
A19: UNIFICADA | B19: NTGJMOR48 | C19: 962757006 | D19: 12 | E19: MORENO NORIEGA JORGE OSVALDO | F19: =SUM(G19:AD19) -> 0 | G19: 0 | H19: 0 | I19: 0 | J19: 0 | K19: 0 | L19: 0 | M19: 0 | N19: 0 | O19: 0 | P19: 0 | Q19: 0 | R19: 0 | S19: 0 | T19: 0 | U19: 0 | V19: 0 | W19: 0 | X19: 0 | Y19: 0 | Z19: 0 | AA19: 0 | AB19: 0 | AC19: 0 | AD19: 0 | AE19: =SUM(G19:AD19) -> 0 | AF19: LIBRE | AG19: UNIFICADA | AI19: LUNES 26 DE ENERO
A20: UNIFICADA | B20: NTGTMORC | D20: 13 | E20: MOROCHO CALDERON TANIA DENISSE | F20: =SUM(G20:AD20) -> 0 | G20: 0 | H20: 0 | I20: 0 | J20: 0 | K20: 0 | L20: 0 | M20: 0 | N20: 0 | O20: 0 | P20: 0 | Q20: 0 | R20: 0 | S20: 0 | T20: 0 | U20: 0 | V20: 0 | W20: 0 | X20: 0 | Y20: 0 | Z20: 0 | AA20: 0 | AB20: 0 | AC20: 0 | AD20: 0 | AE20: =SUM(G20:AD20) -> 0 | AF20: LIBRE | AG20: UNIFICADA | AI20: LUNES 26 DE ENERO
A21: UNIFICADA | B21: NTGMPALR | D21: 14 | E21: PALOMO RAMIREZ MAYERLI RAQUEL | F21: =SUM(G21:AD21) -> 0 | G21: 0 | H21: 0 | I21: 0 | J21: 0 | K21: 0 | L21: 0 | M21: 0 | N21: 0 | O21: 0 | P21: 0 | Q21: 0 | R21: 0 | S21: 0 | T21: 0 | U21: 0 | V21: 0 | W21: 0 | X21: 0 | Y21: 0 | Z21: 0 | AA21: 0 | AB21: 0 | AC21: 0 | AD21: 0 | AE21: =SUM(G21:AD21) -> 0 | AF21: LIBRE | AG21: UNIFICADA | AI21: LUNES 26 DE ENERO
A22: UNIFICADA | B22: NTGJQUI50 | D22: 15 | E22: QUISPE PALACIOS JOSELYN YADIRA | F22: =SUM(G22:AD22) -> 8 | M22: 1 | N22: 1 | O22: 1 | P22: 1 | Q22: 1 | R22: 1 | S22: 1 | T22: 1 | AE22: =SUM(G22:AD22) -> 8 | AF22: 06:00 A 14:00 | AG22: UNIFICADA | AI22: LUNES 26 DE ENERO
A23: UNIFICADA | B23: NTGCROMA | D23: 16 | E23: ROMERO CARRION CARLOS HUMBERTO | F23: =SUM(G23:AD23) -> 12 | Q23: 1 | R23: 1 | S23: 1 | T23: 1 | U23: 1 | W23: 1 | X23: 1 | Y23: 1 | Z23: 1 | AA23: 1 | AB23: 1 | AC23: 1 | AE23: =SUM(G23:AD23) -> 12 | AF23: 10:00 A 15:00 - 16:00 A 23:00 | AG23: UNIFICADA | AI23: LUNES 26 DE ENERO
A24: UNIFICADA | B24: NTGASAMU | C24: 962936744 | D24: 17 | E24: SAMPEDRO BUÑAY ANA MARIA | F24: =SUM(G24:AD24) -> 8 | G24: 1 | H24: 1 | I24: 1 | J24: 1 | K24: 1 | L24: 1 | M24: 1 | N24: 1 | AE24: =SUM(G24:AD24) -> 8 | AF24: 00:00 A 08:00 | AG24: UNIFICADA | AI24: LUNES 26 DE ENERO
A25: UNIFICADA | B25: NTGDTUAA | D25: 18 | E25: TUAPANTA CHANATAXI DANILO JAVIER | F25: =SUM(G25:AD25) -> 0 | G25: 0 | H25: 0 | I25: 0 | J25: 0 | K25: 0 | L25: 0 | M25: 0 | N25: 0 | O25: 0 | P25: 0 | Q25: 0 | R25: 0 | S25: 0 | T25: 0 | U25: 0 | V25: 0 | W25: 0 | X25: 0 | Y25: 0 | Z25: 0 | AA25: 0 | AB25: 0 | AC25: 0 | AD25: 0 | AE25: =SUM(G25:AD25) -> 0 | AF25: LIBRE | AG25: UNIFICADA | AI25: LUNES 26 DE ENERO
A26: UNIFICADA | B26: NTGWULLC | C26: 979137365 | D26: 19 | E26: ULLCU COCHA WILMER MARIO | F26: =SUM(G26:AD26) -> 5 | Z26: 1 | AA26: 1 | AB26: 1 | AC26: 1 | AD26: 1 | AE26: =SUM(G26:AD26) -> 5 | AF26: 19:00 A 00:00 | AG26: UNIFICADA | AI26: LUNES 26 DE ENERO
A27: UNIFICADA | B27: NTGTZAMN | C27: 986256130 | D27: 20 | E27: ZAMBRANO NAPA TANIA LISBETH | F27: =SUM(G27:AD27) -> 0 | G27: SOPORTE OPERACIONES | AE27: =SUM(G27:AD27) -> 0 | AG27: SOPORTE OPERACIONES | AI27: LUNES 26 DE ENERO
A28: UNIFICADA | B28: NTGDZAML | D28: 21 | E28: ZAMBRANO SOLANO DIEGO ALEXANDER | F28: =SUM(G28:AD28) -> 12 | Q28: 1 | R28: 1 | S28: 1 | T28: 1 | U28: 1 | V28: 1 | W28: 1 | Y28: 1 | Z28: 1 | AA28: 1 | AB28: 1 | AC28: 1 | AE28: =SUM(G28:AD28) -> 12 | AF28: 10:00 A 17:00 - 18:00 A 23:00 | AG28: UNIFICADA | AI28: LUNES 26 DE ENERO
A29: UNIFICADA | B29: NTGAALED | C29: 983804379 | D29: 22 | E29: ALENCASTRO DELGADO ANGELO JOSUE | F29: =SUM(G29:AD29) -> 8 | G29: 1 | H29: 1 | I29: 1 | J29: 1 | K29: 1 | L29: 1 | M29: 1 | N29: 1 | AE29: =SUM(G29:AD29) -> 8 | AF29: 00:00 A 08:00 | AG29: UNIFICADA | AI29: LUNES 26 DE ENERO
A30: UNIFICADA | B30: NTGMCAIA | C30: 962839078 | D30: 23 | E30: CAICEDO SIMBAÑA MATEO ANDRES | F30: =SUM(G30:AD30) -> 6 | O30: 1 | P30: 1 | Q30: 1 | R30: 1 | S30: 1 | T30: 1 | AE30: =SUM(G30:AD30) -> 6 | AF30: 08:00 A 14:00 | AG30: UNIFICADA | AI30: LUNES 26 DE ENERO
A31: UNIFICADA | B31: NTGEMOR1 | C31: 990660059 | D31: 24 | E31: MORALES LIMA ERIKA ALEXANDRA | F31: =SUM(G31:AD31) -> 0 | V31: VIP | AE31: 8 | AF31: 15:00 A 23:00 | AG31: VIP | AH31: MONITOREOS | AI31: LUNES 26 DE ENERO
A32: UNIFICADA | B32: NTGDTACQ | D32: 25 | E32: TACURI QUICHIMBO DAYANA LIZETH | F32: =SUM(G32:AD32) -> 7 | G32: 1 | Y32: 1 | Z32: 1 | AA32: 1 | AB32: 1 | AC32: 1 | AD32: 1 | AE32: =SUM(G32:AD32) -> 7 | AF32: 18:00 A 00:00 | AG32: UNIFICADA | AI32: LUNES 26 DE ENERO
A33: UNIFICADA | B33: NTGMZUNO | C33: 982807786 | D33: 26 | E33: ZUÑIGA MORENO MISHELL STEFANIA | F33: =SUM(G33:AD33) -> 0 | G33: 0 | H33: 0 | I33: 0 | J33: 0 | K33: 0 | L33: 0 | M33: 0 | N33: 0 | O33: 0 | P33: 0 | Q33: 0 | R33: 0 | S33: 0 | T33: 0 | U33: 0 | V33: 0 | W33: 0 | X33: 0 | Y33: 0 | Z33: 0 | AA33: 0 | AB33: 0 | AC33: 0 | AD33: 0 | AE33: =SUM(G33:AD33) -> 0 | AF33: LIBRE | AG33: MONITOREOS | AI33: LUNES 26 DE ENERO
A34: UNIFICADA | B34: NTGBVALG | C34: 992908618 | D34: 27 | E34: VALENCIA GARZON BRYAN ORLANDO | F34: =SUM(G34:AD34) -> 13 | O34: 1 | P34: 1 | Q34: 1 | R34: 1 | S34: 1 | T34: 1 | U34: 1 | V34: 1 | X34: 1 | Y34: 1 | Z34: 1 | AA34: 1 | AB34: 1 | AE34: =SUM(G34:AD34) -> 13 | AF34: 08:00 A 16:00 - 17:00 A 22:00 | AG34: UNIFICADA | AI34: LUNES 26 DE ENERO
A35: UNIFICADA | B35: NTGDALMZ | C35: 969080587 | D35: 28 | E35: ALMEIDA MAZON DEISI DEL ROCIO | F35: =SUM(G35:AD35) -> 7 | P35: 1 | Q35: 1 | S35: 1 | T35: 1 | U35: 1 | V35: 1 | W35: 1 | AE35: =SUM(G35:AD35) -> 7 | AF35: 09:00 A 11:00 - 12:00 A 17:00 | AG35: UNIFICADA | AI35: LUNES 26 DE ENERO
A36: UNIFICADA | B36: NTGMCHUA | C36: 969776425 | D36: 29 | E36: CHUSQUILLO SALAZAR MACIEL LESLIE | F36: =SUM(G36:AD36) -> 7 | M36: 1 | N36: 1 | O36: 1 | P36: 1 | Q36: 1 | R36: 1 | S36: 1 | AE36: =SUM(G36:AD36) -> 7 | AF36: 06:00 A 13:00 | AG36: UNIFICADA | AI36: LUNES 26 DE ENERO
A37: UNIFICADA | B37: NTGKBENF | C37: 992753316 | D37: 30 | E37: BENALCAZAR FIALLOS KEVIN ENRIQUE | F37: =SUM(G37:AD37) -> 12 | P37: 1 | Q37: 1 | R37: 1 | S37: 1 | T37: 1 | U37: 1 | V37: 1 | X37: 1 | Y37: 1 | Z37: 1 | AA37: 1 | AB37: 1 | AE37: =SUM(G37:AD37) -> 12 | AF37: 09:00 A 16:00 - 17:00 A 22:00 | AG37: UNIFICADA | AI37: LUNES 26 DE ENERO
A38: UNIFICADA | B38: NTGDCANL | C38: 985553653 | D38: 31 | E38: CANELOS SALAZAR DANA SOFIA | F38: =SUM(G38:AD38) -> 0 | G38: 0 | H38: 0 | I38: 0 | J38: 0 | K38: 0 | L38: 0 | M38: 0 | N38: 0 | O38: 0 | P38: 0 | Q38: 0 | R38: 0 | S38: 0 | T38: 0 | U38: 0 | V38: 0 | W38: 0 | X38: 0 | Y38: 0 | Z38: 0 | AA38: 0 | AB38: 0 | AC38: 0 | AD38: 0 | AE38: =SUM(G38:AD38) -> 0 | AF38: LIBRE | AG38: UNIFICADA | AI38: LUNES 26 DE ENERO
A39: UNIFICADA | B39: NTGVCANL | C39: 982043776 | D39: 32 | E39: CANAR LUCERO VICTOR HUGO | F39: =SUM(G39:AD39) -> 12 | O39: 1 | P39: 1 | Q39: 1 | R39: 1 | S39: 1 | T39: 1 | U39: 1 | V39: 1 | W39: 1 | X39: 1 | Z39: 1 | AA39: 1 | AE39: =SUM(G39:AD39) -> 12 | AF39: 08:00 A 18:00 - 19:00 A 21:00 | AG39: UNIFICADA | AI39: LUNES 26 DE ENERO
A40: UNIFICADA | B40: NTGBCEVL | C40: 979138395 | D40: 33 | E40: CEVALLOS SOLORZANO BRANDON AARON | F40: =SUM(G40:AD40) -> 0 | G40: 0 | H40: 0 | I40: 0 | J40: 0 | K40: 0 | L40: 0 | M40: 0 | N40: 0 | O40: 0 | P40: 0 | Q40: 0 | R40: 0 | S40: 0 | T40: 0 | U40: 0 | V40: 0 | W40: 0 | X40: 0 | Y40: 0 | Z40: 0 | AA40: 0 | AB40: 0 | AC40: 0 | AD40: 0 | AE40: =SUM(G40:AD40) -> 0 | AF40: LIBRE | AG40: UNIFICADA | AI40: LUNES 26 DE ENERO
A41: UNIFICADA | B41: NTGBMALC | C41: 979187927 | D41: 34 | E41: MALLA CUENCA BAYRON AUGUSTO | F41: =SUM(G41:AD41) -> 11 | Q41: 1 | R41: 1 | S41: 1 | T41: 1 | U41: 1 | V41: 1 | W41: 1 | X41: 1 | Z41: 1 | AA41: 1 | AB41: 1 | AE41: =SUM(G41:AD41) -> 11 | AF41: 10:00 A 18:00 - 19:00 A 22:00 | AG41: UNIFICADA | AI41: LUNES 26 DE ENERO
A42: UNIFICADA | B42: NTGCMARE | C42: 986286257 | D42: 35 | E42: MARIN AVENDANO CLAUDIA MARCELA | F42: =SUM(G42:AD42) -> 0 | AE42: =SUM(G42:AD42) -> 0 | AF42: RENUNCIA | AG42: UNIFICADA | AI42: LUNES 26 DE ENERO
A43: UNIFICADA | B43: NTGAMELJ | C43: 969776425 | D43: 36 | E43: MELGAREJO JACOME ALEX SANTIAGO | F43: =SUM(G43:AD43) -> 0 | AE43: =SUM(G43:AD43) -> 0 | AF43: RENUNCIA | AG43: UNIFICADA | AI43: LUNES 26 DE ENERO
A44: UNIFICADA | B44: NTGANAVP | C44: 987948960 | D44: 37 | E44: NAVARRO TAPIA ANDRES ALEJANDRO | F44: =SUM(G44:AD44) -> 9 | Q44: 1 | R44: 1 | S44: 1 | T44: 1 | U44: 1 | W44: 1 | X44: 1 | Y44: 1 | Z44: 1 | AE44: =SUM(G44:AD44) -> 9 | AF44: 10:00 A 15:00 - 16:00 A 22:00 | AG44: UNIFICADA | AI44: LUNES 26 DE ENERO
A45: UNIFICADA | B45: NTGSDELP | C45: 992641553 | D45: 38 | E45: DEL VALLE PEREZ SANDRA | F45: =SUM(G45:AD45) -> 0 | AE45: =SUM(G45:AD45) -> 0 | AF45: RENUNCIA | AG45: UNIFICADA | AI45: LUNES 26 DE ENERO
A46: UNIFICADA | B46: NTGKVALZ | C46: 999013936 | D46: 39 | E46: VALLADARES ZAMORA KARLA ESTEFANIA | F46: =SUM(G46:AD46) -> 0 | AE46: =SUM(G46:AD46) -> 0 | AF46: RENUNCIA | AG46: UNIFICADA | AI46: LUNES 26 DE ENERO
A47: UNIFICADA | B47: NTGMLOAS | D47: 40 | E47: LOAIZA SISA MISHELLE JAZMIN | F47: =SUM(G47:AD47) -> 0 | G47: 0 | H47: 0 | I47: 0 | J47: 0 | K47: 0 | L47: 0 | M47: 0 | N47: 0 | O47: 0 | P47: 0 | Q47: 0 | R47: 0 | S47: 0 | T47: 0 | U47: 0 | V47: 0 | W47: 0 | X47: 0 | Y47: 0 | Z47: 0 | AA47: 0 | AB47: 0 | AC47: 0 | AD47: 0 | AE47: =SUM(G47:AD47) -> 0 | AF47: LIBRE | AG47: VIP | AH47: MONITOREOS | AI47: LUNES 26 DE ENERO
A48: UNIFICADA | B48: NTGDNICC | D48: 41 | E48: NICOLALDE GARCIA DAIVERLYN IVETH | F48: =SUM(G48:AD48) -> 0 | N48: VIP | AE48: 8 | AF48: 07:00 A 15:00 | AG48: VIP | AH48: MONITOREOS | AI48: LUNES 26 DE ENERO
D49: 42 | E49: FIGUEROA COELLO NATHALIA ESTEFANIA | F49: =SUM(G49:AD49) -> 0 | O49: SEGUIMIENTO TRANSFERENCIAS | AE49: 12 | AF49: 08:00 A 20:00 | AG49: SEGUIMIENTO TRANSF | AI49: LUNES 26 DE ENERO
G50: 00:00 - 01:00 | H50: 01:00 - 02:00 | I50: 02:00 - 03:00 | J50: 03:00 - 04:00 | K50: 04:00 - 05:00 | L50: 05:00 - 06:00 | M50: 06:00 - 07:00 | N50: 07:00 - 08:00 | O50: 08:00 - 09:00 | P50: 09:00 - 10:00 | Q50: 10:00 - 11:00 | R50: 11:00 - 12:00 | S50: 12:00 - 13:00 | T50: 13:00 - 14:00 | U50: 14:00 - 15:00 | V50: 15:00 - 16:00 | W50: 16:00 - 17:00 | X50: 17:00 - 18:00 | Y50: 18:00 - 19:00 | Z50: 19:00 - 20:00 | AA50: 20:00 - 21:00 | AB50: 21:00 - 22:00 | AC50: 22:00 - 23:00 | AD50: 23:00 - 00:00
E55: DIMENSIONAMIENTO | G55: 0 | H55: 0 | I55: 0 | J55: 0 | K55: 0 | L55: 0 | M55: 0 | N55: 0 | O55: 0 | P55: 10 | Q55: 10 | R55: 10 | S55: 10 | T55: 10 | U55: 10 | V55: 10 | W55: 10 | X55: 10 | Y55: 10 | Z55: 0 | AA55: 0 | AB55: 0 | AC55: 0 | AD55: 0 | AE55: =SUM(G55:AD55) -> 100
G56: =G58-G55 -> 0 | H56: =H58-H55 -> 0 | I56: =I58-I55 -> 0 | J56: =J58-J55 -> 0 | K56: =K58-K55 -> 0 | L56: =L58-L55 -> 0 | M56: =M58-M55 -> 4 | N56: =N58-N55 -> 5 | ... AD56: =AD58-AD55 -> 0
E57: VENTAS HOGAR | G57: 00:00 - 01:00 | H57: 01:00 - 02:00 | I57: 02:00 - 03:00 | J57: 03:00 - 04:00 | K57: 04:00 - 05:00 | L57: 05:00 - 06:00 | M57: 06:00 - 07:00 | N57: 07:00 - 08:00 | O57: 08:00 - 09:00 | P57: 09:00 - 10:00 | Q57: 10:00 - 11:00 | R57: 11:00 - 12:00 | S57: 12:00 - 13:00 | T57: 13:00 - 14:00 | U57: 14:00 - 15:00 | V57: 15:00 - 16:00 | W57: 16:00 - 17:00 | X57: 17:00 - 18:00 | Y57: 18:00 - 19:00 | Z57: 19:00 - 20:00 | AA57: 20:00 - 21:00 | AB57: 21:00 - 22:00 | AC57: 22:00 - 23:00 | AD57: 23:00 - 00:00
E58: ASESORES | F58: HT | G58: =SUM(G59:G72) -> 0 | H58: =SUM(H59:H72) -> 0 | I58: =SUM(I59:I72) -> 0 | J58: =SUM(J59:J72) -> 0 | K58: =SUM(K59:K72) -> 0 | L58: =SUM(L59:L72) -> 0 | M58: =SUM(M59:M72) -> 4 | N58: =SUM(N59:N72) -> 5 | ... AD58: =SUM(AD59:AD72) -> 0 | AE58: =SUM(G58:AD58) -> 113 | AF58: HORARIO ASISTENCIA | AI58: FECHA
A59: UNIFICADA | B59: NTGBACUC | C59: 999600729 | D59: 1 | E59: ACUÑA CAISAGUANO BYRON DANILO | F59: =SUM(G59:AD59) -> 13 | M59: 1 | N59: 1 | O59: 1 | P59: 1 | Q59: 1 | R59: 1 | S59: 1 | T59: 1 | U59: 1 | V59: 1 | W59: 1 | X59: 1 | Y59: 1 | AE59: =SUM(G59:AD59) -> 13 | AF59: 06:00 A 19:00 | AG59: UNIFICADA | AH59: VENTAS HOGAR | AI59: LUNES 26 DE ENERO
A60: UNIFICADA | B60: NTGJBEND_1 | C60: 995545886 | D60: 2 | E60: BENALCAZAR DUARTE JEANNETH GISSELA | F60: =SUM(G60:AD60) -> 11 | O60: 1 | P60: 1 | Q60: 1 | R60: 1 | S60: 1 | T60: 1 | U60: 1 | V60: 1 | W60: 1 | X60: 1 | Y60: 1 | AE60: =SUM(G60:AD60) -> 11 | AF60: 08:00 A 19:00 | AG60: UNIFICADA | AH60: VENTAS HOGAR | AI60: LUNES 26 DE ENERO
A61: UNIFICADA | B61: NTGMCAR9 | C61: 989533877 | D61: 3 | E61: CARVAJAL RENGEL MARIA BELEN | F61: =SUM(G61:AD61) -> 13 | M61: 1 | N61: 1 | O61: 1 | P61: 1 | Q61: 1 | R61: 1 | S61: 1 | T61: 1 | U61: 1 | V61: 1 | W61: 1 | X61: 1 | Y61: 1 | AE61: =SUM(G61:AD61) -> 13 | AF61: 06:00 A 19:00 | AG61: UNIFICADA | AH61: VENTAS HOGAR | AI61: LUNES 26 DE ENERO
A62: UNIFICADA | B62: NTGMJIM0 | C62: 989858490 | D62: 4 | E62: JIMENEZ SILVA MIRIAN PAMELA | F62: =SUM(G62:AD62) -> 13 | M62: 1 | N62: 1 | O62: 1 | P62: 1 | Q62: 1 | R62: 1 | S62: 1 | T62: 1 | U62: 1 | V62: 1 | W62: 1 | X62: 1 | Y62: 1 | AE62: =SUM(G62:AD62) -> 13 | AF62: 06:00 A 19:00 | AG62: UNIFICADA | AH62: VENTAS HOGAR | AI62: LUNES 26 DE ENERO
A63: UNIFICADA | B63: NTGELECS | C63: 988957267 | D63: 5 | E63: LECHON SANDOVAL ERICK FERNANDO | F63: =SUM(G63:AD63) -> 13 | M63: 1 | N63: 1 | O63: 1 | P63: 1 | Q63: 1 | R63: 1 | S63: 1 | T63: 1 | U63: 1 | V63: 1 | W63: 1 | X63: 1 | Y63: 1 | AE63: =SUM(G63:AD63) -> 13 | AF63: 06:00 A 19:00 | AG63: UNIFICADA | AH63: VENTAS HOGAR | AI63: LUNES 26 DE ENERO
A64: UNIFICADA | B64: NTGJUCHC | C64: 984490770 | D64: 6 | E64: UCHUPANTA CUASPA JONATHAN JOSE | F64: =SUM(G64:AD64) -> 12 | N64: 1 | O64: 1 | P64: 1 | Q64: 1 | R64: 1 | S64: 1 | T64: 1 | U64: 1 | V64: 1 | W64: 1 | X64: 1 | Y64: 1 | AE64: =SUM(G64:AD64) -> 12 | AF64: 07:00 A 19:00 | AG64: UNIFICADA | AH64: VENTAS HOGAR | AI64: LUNES 26 DE ENERO
A65: UNIFICADA | B65: NTGVZURN | C65: 998810875 | D65: 7 | E65: ZURITA NARVAEZ VERONICA CECILIA | F65: =SUM(G65:AD65) -> 12 | O65: 1 | P65: 1 | Q65: 1 | R65: 1 | S65: 1 | T65: 1 | U65: 1 | V65: 1 | W65: 1 | X65: 1 | Y65: 1 | Z65: 1 | AE65: =SUM(G65:AD65) -> 12 | AF65: 08:00 A 20:00 | AG65: UNIFICADA | AH65: VENTAS HOGAR | AI65: LUNES 26 DE ENERO
A66: UNIFICADA | B66: NTGAASPP | C66: 999763726 | D66: 8 | E66: ASPIAZU PILLAJO ANGELICA PAULINA | F66: =SUM(G66:AD66) -> 14 | O66: 1 | P66: 1 | Q66: 1 | R66: 1 | S66: 1 | T66: 1 | U66: 1 | V66: 1 | W66: 1 | X66: 1 | Y66: 1 | Z66: 1 | AA66: 1 | AB66: 1 | AE66: =SUM(G66:AD66) -> 14 | AF66: 08:00 A 20:00 | AG66: UNIFICADA | AH66: VENTAS HOGAR | AI66: LUNES 26 DE ENERO
A67: UNIFICADA | B67: NTGLJACC | C67: 961816449 | D67: 9 | E67: JACOME CAMACHO LUIS HUMBERTO | F67: =SUM(G67:AD67) -> 0 | AE67: =SUM(G67:AD67) -> 0 | AF67: 09:00 A 21:00 | AG67: UNIFICADA | AH67: VENTAS HOGAR | AI67: LUNES 26 DE ENERO
A68: UNIFICADA | B68: NTGEQUI6 | C68: 990489779 | D68: 10 | E68: QUISHPE SIERRA ESTEBAN IGNACIO | F68: =SUM(G68:AD68) -> 12 | P68: 1 | Q68: 1 | R68: 1 | S68: 1 | T68: 1 | U68: 1 | V68: 1 | W68: 1 | X68: 1 | Y68: 1 | Z68: 1 | AA68: 1 | AE68: =SUM(G68:AD68) -> 12 | AF68: 09:00 A 21:00 | AG68: UNIFICADA | AH68: VENTAS HOGAR | AI68: LUNES 26 DE ENERO
G69: 00:00 - 01:00 | H69: 01:00 - 02:00 | I69: 02:00 - 03:00 | J69: 03:00 - 04:00 | K69: 04:00 - 05:00 | L69: 05:00 - 06:00 | M69: 06:00 - 07:00 | N69: 07:00 - 08:00 | O69: 08:00 - 09:00 | P69: 09:00 - 10:00 | Q69: 10:00 - 11:00 | R69: 11:00 - 12:00 | S69: 12:00 - 13:00 | T69: 13:00 - 14:00 | U69: 14:00 - 15:00 | V69: 15:00 - 16:00 | W69: 16:00 - 17:00 | X69: 17:00 - 18:00 | Y69: 18:00 - 19:00 | Z69: 19:00 - 20:00 | AA69: 20:00 - 21:00 | AB69: 21:00 - 22:00 | AC69: 22:00 - 23:00 | AD69: 23:00 - 00:00
E74: DIMENSIONAMIENTO | G74: 2 | H74: 2 | I74: 2 | J74: 2 | K74: 2 | L74: 2 | M74: 3 | N74: 3 | O74: 6 | P74: 7 | Q74: 8 | R74: 7 | S74: 8 | T74: 8 | U74: 8 | V74: 6 | W74: 5 | X74: 6 | Y74: 6 | Z74: 6 | AA74: 6 | AB74: 4 | AC74: 3 | AD74: 2 | AE74: =SUM(G74:AD74) -> 114
G75: =G77-G74 -> 0 | H75: =H77-H74 -> 0 | I75: =I77-I74 -> 0 | J75: =J77-J74 -> 0 | K75: =K77-K74 -> 0 | L75: =L77-L74 -> 0 | M75: =M77-M74 -> 0 | N75: =N77-N74 -> 0 | ... AD75: =AD77-AD74 -> 0 | AF75: 16 | AI75: =AE74/11 -> 10.363636
E76: SOPORTE TÉCNICO | G76: 00:00 - 01:00 | H76: 01:00 - 02:00 | I76: 02:00 - 03:00 | J76: 03:00 - 04:00 | K76: 04:00 - 05:00 | L76: 05:00 - 06:00 | M76: 06:00 - 07:00 | N76: 07:00 - 08:00 | O76: 08:00 - 09:00 | P76: 09:00 - 10:00 | Q76: 10:00 - 11:00 | R76: 11:00 - 12:00 | S76: 12:00 - 13:00 | T76: 13:00 - 14:00 | U76: 14:00 - 15:00 | V76: 15:00 - 16:00 | W76: 16:00 - 17:00 | X76: 17:00 - 18:00 | Y76: 18:00 - 19:00 | Z76: 19:00 - 20:00 | AA76: 20:00 - 21:00 | AB76: 21:00 - 22:00 | AC76: 22:00 - 23:00 | AD76: 23:00 - 00:00
E77: ASESORES | F77: HT | G77: =SUM(G78:G94) -> 2 | H77: =SUM(H78:H94) -> 2 | I77: =SUM(I78:I94) -> 2 | J77: =SUM(J78:J94) -> 2 | K77: =SUM(K78:K94) -> 2 | L77: =SUM(L78:L94) -> 2 | M77: =SUM(M78:M94) -> 3 | N77: =SUM(N78:N94) -> 3 | ... AD77: =SUM(AD78:AD94) -> 2 | AE77: =SUM(G77:AD77) -> 114 | AF77: HORARIO ASISTENCIA | AI77: FECHA
A78: SOPORTE TÉCNICO | B78: NTGJBERO | C78: 968594141 | D78: 1 | E78: BERMEJO MALDONADO JONATHAN MAURICIO | F78: =SUM(G78:AD78) -> 12 | O78: 1 | P78: 1 | Q78: 1 | R78: 1 | S78: 1 | T78: 1 | U78: 1 | V78: 1 | W78: 1 | X78: 1 | Y78: 1 | Z78: 1 | AE78: =SUM(G78:AD78) -> 12 | AF78: 08:00 A 20:00 | AG78: SOPORTE TECNICO | AI78: LUNES 26 DE ENERO
A79: SOPORTE TÉCNICO | B79: NTGECHIT | C79: 996585473 | D79: 2 | E79: CHICAIZA ORTIZ ERIKA VANESSA | F79: =SUM(G79:AD79) -> 13 | P79: 1 | Q79: 1 | R79: 1 | S79: 1 | T79: 1 | U79: 1 | V79: 1 | W79: 1 | X79: 1 | Y79: 1 | AA79: 1 | AB79: 1 | AC79: 1 | AE79: =SUM(G79:AD79) -> 13 | AF79: 09:00 A 19:00 - 20:00 A 23:00 | AG79: SOPORTE TECNICO | AI79: LUNES 26 DE ENERO
A80: SOPORTE TÉCNICO | B80: NTGTCHII | C80: 997829699 | D80: 3 | E80: CHINGA PITIUR TATIANA LIZBETH | F80: =SUM(G80:AD80) -> 12 | M80: 1 | N80: 1 | O80: 1 | P80: 1 | Q80: 1 | R80: 1 | S80: 1 | T80: 1 | U80: 1 | V80: 1 | W80: 1 | X80: 1 | AE80: =SUM(G80:AD80) -> 12 | AF80: 06:00 A 18:00 | AG80: SOPORTE TECNICO | AI80: LUNES 26 DE ENERO
A81: SOPORTE TÉCNICO | B81: NTGMCRUV | D81: 4 | E81: CRUZ ALVARADO MARIA ESTHELLA | F81: =SUM(G81:AD81) -> 12 | O81: 1 | P81: 1 | Q81: 1 | R81: 1 | S81: 1 | T81: 1 | U81: 1 | V81: 1 | W81: 1 | X81: 1 | Z81: 1 | AA81: 1 | AE81: =SUM(G81:AD81) -> 12 | AF81: 08:00 A 18:00 - 19:00 A 21:00 | AG81: SOPORTE TECNICO | AI81: LUNES 26 DE ENERO
A82: SOPORTE TÉCNICO | B82: NTGYGOMR | C82: 991837641 | D82: 5 | E82: GOMEZ ROSALES YANINA BELEN | F82: =SUM(G82:AD82) -> 6 | O82: 1 | P82: 1 | Q82: 1 | R82: 1 | S82: 1 | T82: 1 | AE82: =SUM(G82:AD82) -> 6 | AF82: 08:00 A 14:00 | AG82: SOPORTE TECNICO | AI82: LUNES 26 DE ENERO
A83: SOPORTE TÉCNICO | B83: NTGWENRJ | C83: 990911747 | D83: 6 | E83: ENRIQUEZ JARAMILLO WENDY JAZMIN | F83: =SUM(G83:AD83) -> 0 | G83: 0 | H83: 0 | I83: 0 | J83: 0 | K83: 0 | L83: 0 | M83: 0 | N83: 0 | O83: 0 | P83: 0 | Q83: 0 | R83: 0 | S83: 0 | T83: 0 | U83: 0 | V83: 0 | W83: 0 | X83: 0 | Y83: 0 | Z83: 0 | AA83: 0 | AB83: 0 | AC83: 0 | AD83: 0 | AE83: =SUM(G83:AD83) -> 0 | AF83: LIBRE | AG83: SOPORTE TECNICO | AI83: LUNES 26 DE ENERO
A84: SOPORTE TÉCNICO | B84: NTGKGAVA_1 | C84: 993901115 | D84: 7 | E84: GAVILANES AGUIRRE KLEVER GIOVANNY | F84: =SUM(G84:AD84) -> 8 | G84: 1 | H84: 1 | I84: 1 | J84: 1 | K84: 1 | L84: 1 | M84: 1 | N84: 1 | AE84: =SUM(G84:AD84) -> 8 | AF84: 00:00 A 08:00 | AG84: SOPORTE TECNICO | AI84: LUNES 26 DE ENERO
A85: SOPORTE TÉCNICO | B85: NTGLMENR | C85: 992994680 | D85: 8 | E85: MENA RIERA LUIS FERNANDO | F85: =SUM(G85:AD85) -> 0 | G85: 0 | H85: 0 | I85: 0 | J85: 0 | K85: 0 | L85: 0 | M85: 0 | N85: 0 | O85: 0 | P85: 0 | Q85: 0 | R85: 0 | S85: 0 | T85: 0 | U85: 0 | V85: 0 | W85: 0 | X85: 0 | Y85: 0 | Z85: 0 | AA85: 0 | AB85: 0 | AC85: 0 | AD85: 0 | AE85: =SUM(G85:AD85) -> 0 | AF85: LIBRE | AG85: SOPORTE TECNICO | AI85: LUNES 26 DE ENERO
A86: SOPORTE TÉCNICO | B86: NTGKPILQ | D86: 9 | E86: PILATAXI QUILLUPANGUI KATHYA MISHELL | F86: =SUM(G86:AD86) -> 6 | Y86: 1 | Z86: 1 | AA86: 1 | AB86: 1 | AC86: 1 | AD86: 1 | AE86: =SUM(G86:AD86) -> 6 | AF86: 18:00 A 00:00 | AG86: SOPORTE TECNICO | AI86: LUNES 26 DE ENERO
A87: SOPORTE TÉCNICO | B87: NTGCCHA5 | D87: 10 | E87: CHAFUELAN CEDEÑO CRISTOPHER ALEJANDRO | F87: =SUM(G87:AD87) -> 0 | G87: 0 | H87: 0 | I87: 0 | J87: 0 | K87: 0 | L87: 0 | M87: 0 | N87: 0 | O87: 0 | P87: 0 | Q87: 0 | R87: 0 | S87: 0 | T87: 0 | U87: 0 | V87: 0 | W87: 0 | X87: 0 | Y87: 0 | Z87: 0 | AA87: 0 | AB87: 0 | AC87: 0 | AD87: 0 | AE87: =SUM(G87:AD87) -> 0 | AF87: LIBRE | AG87: SOPORTE TECNICO | AI87: LUNES 26 DE ENERO
A88: SOPORTE TÉCNICO | B88: NTGDGUEO | D88: 11 | E88: GUERREO LOPEZ DIEGO XAVIER | F88: =SUM(G88:AD88) -> 8 | G88: 1 | H88: 1 | I88: 1 | J88: 1 | K88: 1 | L88: 1 | M88: 1 | N88: 1 | AE88: =SUM(G88:AD88) -> 8 | AF88: 00:00 A 08:00 | AG88: SOPORTE TECNICO | AI88: LUNES 26 DE ENERO
A89: SOPORTE TÉCNICO | B89: NTGTMUNO | D89: 12 | E89: MUÑOZ MORENO THOMAS SEBASTIAN | F89: =SUM(G89:AD89) -> 6 | Y89: 1 | Z89: 1 | AA89: 1 | AB89: 1 | AC89: 1 | AD89: 1 | AE89: =SUM(G89:AD89) -> 6 | AF89: 18:00 A 00:00 | AG89: SOPORTE TECNICO | AI89: LUNES 26 DE ENERO
A90: SOPORTE TÉCNICO | B90: NTGRQUIV | C90: 981074073 | D90: 13 | E90: QUITIAQUEZ VELASCO RICHARD DAVID | F90: =SUM(G90:AD90) -> 0 | G90: 0 | H90: 0 | I90: 0 | J90: 0 | K90: 0 | L90: 0 | M90: 0 | N90: 0 | O90: 0 | P90: 0 | Q90: 0 | R90: 0 | S90: 0 | T90: 0 | U90: 0 | V90: 0 | W90: 0 | X90: 0 | Y90: 0 | Z90: 0 | AA90: 0 | AB90: 0 | AC90: 0 | AD90: 0 | AE90: =SUM(G90:AD90) -> 0 | AF90: LIBRE | AG90: SOPORTE TECNICO | AI90: LUNES 26 DE ENERO
A91: SOPORTE TÉCNICO | B91: NTGKNARM | C91: 995055956 | D91: 14 | E91: NARVAEZ MALDONADO KARLA JULIET | F91: =SUM(G91:AD91) -> 12 | O91: 1 | P91: 1 | Q91: 1 | S91: 1 | T91: 1 | U91: 1 | V91: 1 | W91: 1 | X91: 1 | Y91: 1 | Z91: 1 | AA91: 1 | AE91: =SUM(G91:AD91) -> 12 | AF91: 08:00 A 11:00 - 12:00 A 21:00 | AG91: SOPORTE TECNICO | AI91: LUNES 26 DE ENERO
A92: SOPORTE TÉCNICO | B92: NTGSREAG | C92: 988941361 | D92: 15 | E92: REA GUACHAMIN SHIRLEY NICOLE | F92: =SUM(G92:AD92) -> 5 | Q92: 1 | R92: 1 | S92: 1 | T92: 1 | U92: 1 | V92: MONITOREOS | AE92: 13 | AF92: 10:00 A 23:00 | AG92: SOPORTE TECNICO | AH92: MONITOREOS | AI92: LUNES 26 DE ENERO
A93: SOPORTE TÉCNICO | B93: NTGJMEN13 | D93: 16 | E93: MENDOZA PALACIOS JHON HENRY | F93: =SUM(G93:AD93) -> 1 | U93: 1 | V93: MONITOREOS | AE93: 9 | AF93: 14:00 A 23:00 | AG93: SOPORTE TECNICO | AH93: MONITOREOS | AI93: LUNES 26 DE ENERO
A94: SOPORTE TÉCNICO | B94: NTGMMUN4 | D94: 17 | E94: MUÑOZ PACHECO MARIA FERNANDA | F94: =SUM(G94:AD94) -> 13 | O94: 1 | P94: 1 | Q94: 1 | R94: 1 | S94: 1 | T94: 1 | U94: 1 | V94: 1 | X94: 1 | Y94: 1 | Z94: 1 | AA94: 1 | AB94: 1 | AE94: =SUM(G94:AD94) -> 13 | AF94: 08:00 A 16:00 - 17:00 A 22:00 | AG94: SOPORTE TECNICO | AI94: LUNES 26 DE ENERO
G95: 00:00 - 01:00 | H95: 01:00 - 02:00 | I95: 02:00 - 03:00 | J95: 03:00 - 04:00 | K95: 04:00 - 05:00 | L95: 05:00 - 06:00 | M95: 06:00 - 07:00 | N95: 07:00 - 08:00 | O95: 08:00 - 09:00 | P95: 09:00 - 10:00 | Q95: 10:00 - 11:00 | R95: 11:00 - 12:00 | S95: 12:00 - 13:00 | T95: 13:00 - 14:00 | U95: 14:00 - 15:00 | V95: 15:00 - 16:00 | W95: 16:00 - 17:00 | X95: 17:00 - 18:00 | Y95: 18:00 - 19:00 | Z95: 19:00 - 20:00 | AA95: 20:00 - 21:00 | AB95: 21:00 - 22:00 | AC95: 22:00 - 23:00 | AD95: 23:00 - 00:00

Sheet 01-01
A1: Nomenclatura
A2: ATRASO | B2: REPOSO
A3: FALTA | B3: PAGO POR SOPORTE O ADICIONAL | D3: JUEVES
A4: VACACIONES | B4: CAPACITACIÓN | E4: DIMENSIONAMIENTO | G4: 4 | H4: 3 | I4: 3 | J4: 3 | K4: 3 | L4: 3 | M4: 7 | N4: 10 | O4: 13 | P4: 17 | Q4: 18 | R4: 18 | S4: 18 | T4: 18 | U4: 18 | V4: 17 | W4: 17 | X4: 17 | Y4: 15 | Z4: 15 | AA4: 13 | AB4: 8 | AC4: 7 | AD4: 4 | AE4: =SUM(G4:AD4) -> 269 | AF4: =AE4/9 -> 29.888889
E5: 1 | G5: 00:00 - 01:00 | H5: 01:00 - 02:00 | I5: 02:00 - 03:00 | J5: 03:00 - 04:00 | K5: 04:00 - 05:00 | L5: 05:00 - 06:00 | M5: 06:00 - 07:00 | N5: 07:00 - 08:00 | O5: 08:00 - 09:00 | P5: 09:00 - 10:00 | Q5: 10:00 - 11:00 | R5: 11:00 - 12:00 | S5: 12:00 - 13:00 | T5: 13:00 - 14:00 | U5: 14:00 - 15:00 | V5: 15:00 - 16:00 | W5: 16:00 - 17:00 | X5: 17:00 - 18:00 | Y5: 18:00 - 19:00 | Z5: 19:00 - 20:00 | AA5: 20:00 - 21:00 | AB5: 21:00 - 22:00 | AC5: 22:00 - 23:00 | AD5: 23:00 - 00:00
G6: =G7-G4 -> 0 | H6: =H7-H4 -> 0 | I6: =I7-I4 -> 0 | J6: =J7-J4 -> 0 | K6: =K7-K4 -> 0 | L6: =L7-L4 -> 0 | M6: =M7-M4 -> 1 | N6: =N7-N4 -> -2 | ... AD6: =AD7-AD4 -> 0 | AE6: =SUM(G6:AD6) -> -14
A7: GESTIÓN | B7: USUARIO | C7: CONTACTO | D7: N° | E7: ASESORES | F7: HT | G7: =SUM(G8:G57) -> 4 | H7: =SUM(H8:H57) -> 3 | I7: =SUM(I8:I57) -> 3 | J7: =SUM(J8:J57) -> 3 | K7: =SUM(K8:K57) -> 3 | L7: =SUM(L8:L57) -> 3 | M7: =SUM(M8:M57) -> 8 | N7: =SUM(N8:N57) -> 8 | ... AD7: =SUM(AD8:AD57) -> 4 | AE7: =SUM(G7:AD7) -> 255 | AF7: HORARIO ASISTENCIA | AG7: FECHA | AI7: ASESOR | AJ7: BREAK
A8: UNIFICADA | B8: NTGBACUC | C8: 999600729 | D8: 1 | E8: ACUÑA CAISAGUANO BYRON DANILO | F8: =SUM(G8:AD8) -> 0 | G8: 0 | H8: 0 | I8: 0 | J8: 0 | K8: 0 | L8: 0 | M8: 0 | N8: 0 | O8: 0 | P8: 0 | Q8: 0 | R8: 0 | S8: 0 | T8: 0 | U8: 0 | V8: 0 | W8: 0 | X8: 0 | Y8: 0 | Z8: 0 | AA8: 0 | AB8: 0 | AC8: 0 | AD8: 0 | AE8: 0 | AF8: LIBRE | AG8: MIÉRCOLES 31 DE DICIEMBRE | AI8: NTGAALED | AJ8: 0.026782407
A9: UNIFICADA | B9: NTGBALED | C9: 984098910 | D9: 2 | E9: ALENCASTRO DELGADO BRIGITTE SCARLET | F9: =SUM(G9:AD9) -> 12 | G9: 1 | H9: 1 | I9: 1 | J9: 1 | K9: 1 | L9: 1 | M9: 1 | Z9: 1 | AA9: 1 | AB9: 1 | AC9: 1 | AD9: 1 | AE9: =SUM(G9:AD9) -> 12 | AF9: 00:00 A 07:00 - 19:00 A 00:00 | AG9: MIÉRCOLES 31 DE DICIEMBRE | AI9: NTGAARIF | AJ9: 0.084513889
A10: UNIFICADA | B10: NTGBALEE | C10: 987983128 | D10: 3 | E10: ALENCASTRO DELGADO BRITANY SAMANTA | F10: =SUM(G10:AD10) -> 9 | U10: 1 | V10: 1 | W10: 1 | X10: 1 | Y10: 1 | Z10: 1 | AA10: 1 | AB10: 1 | AC10: 1 | AE10: =SUM(G10:AD10) -> 9 | AF10: 14:00 A 23:00 | AG10: MIÉRCOLES 31 DE DICIEMBRE | AI10: NTGADELN | AJ10: 0.037268519
A11: UNIFICADA | B11: NTGOAQUO | D11: 4 | E11: AQUINO ORELLANA OTILDA FRANCISCA | F11: =SUM(G11:AD11) -> 7 | G11: 1 | H11: 1 | I11: 1 | J11: 1 | K11: 1 | L11: 1 | M11: 1 | AE11: =SUM(G11:AD11) -> 7 | AF11: 00:00 A 07:00 | AG11: MIÉRCOLES 31 DE DICIEMBRE | AI11: NTGAQUIQ | AJ11: 3.4722222e-05
A12: UNIFICADA | B12: NTGAARIF | C12: 998223732 | D12: 5 | E12: ARIAS FARINANGO ARIEL FERNANDO | F12: =SUM(G12:AD12) -> 10 | M12: 1 | N12: 1 | O12: 1 | P12: 1 | Q12: 1 | R12: 1 | S12: 1 | T12: 1 | U12: 1 | V12: 1 | AE12: =SUM(G12:AD12) -> 10 | AF12: 06:00 A 16:00 | AG12: MIÉRCOLES 31 DE DICIEMBRE | AI12: NTGASAMU | AJ12: 0.014409722
A13: UNIFICADA | B13: NTGIARIN | D13: 6 | E13: ARIAS NARVAEZ ISIS ESCARLETH | F13: =SUM(G13:AD13) -> 11 | O13: 1 | P13: 1 | Q13: 1 | R13: 1 | S13: 1 | T13: 1 | U13: 1 | W13: 1 | X13: 1 | Y13: 1 | Z13: 1 | AE13: =SUM(G13:AD13) -> 11 | AF13: 08:00 A 15:00 - 16:00 A 20:00 | AG13: MIÉRCOLES 31 DE DICIEMBRE | AI13: NTGBACUC | AJ13: 0.0021759259
A14: UNIFICADA | B14: NTGJBELL | C14: 979044107 | D14: 7 | E14: BELTRAN VILLALBA JENNIFER MIGREY | F14: =SUM(G14:AD14) -> 10 | Q14: 1 | R14: 1 | S14: 1 | T14: 1 | V14: 1 | W14: 1 | X14: 1 | Y14: 1 | Z14: 1 | AA14: 1 | AE14: =SUM(G14:AD14) -> 10 | AF14: 10:00 A 17:00 - 18:00 A 21:00 | AG14: MIÉRCOLES 31 DE DICIEMBRE | AI14: ntgbaled | AJ14: 0.033321759
A15: UNIFICADA | B15: NTGJBEND_1 | C15: 995545886 | D15: 8 | E15: BENALCAZAR DUARTE JEANNETH GISSELA | F15: =SUM(G15:AD15) -> 0 | G15: 0 | H15: 0 | I15: 0 | J15: 0 | K15: 0 | L15: 0 | M15: 0 | N15: 0 | O15: 0 | P15: 0 | Q15: 0 | R15: 0 | S15: 0 | T15: 0 | U15: 0 | V15: 0 | W15: 0 | X15: 0 | Y15: 0 | Z15: 0 | AA15: 0 | AB15: 0 | AC15: 0 | AD15: 0 | AE15: =SUM(G15:AD15) -> 0 | AF15: LIBRE | AG15: MIÉRCOLES 31 DE DICIEMBRE | AI15: NTGBALEE | AJ15: 0.031550926
A16: UNIFICADA | B16: NTGMCABU | D16: 9 | E16: CABASCANGO BUSE MARITZA ELIZABETH | F16: =SUM(G16:AD16) -> 9 | M16: 1 | N16: 1 | O16: 1 | P16: 1 | Q16: 1 | R16: 1 | S16: 1 | T16: 1 | V16: 1 | AE16: =SUM(G16:AD16) -> 9 | AF16: 06:00 A 14:00 - 15:00 A 16:00 | AG16: MIÉRCOLES 31 DE DICIEMBRE | AI16: NTGBVALG | AJ16: 0.020625
A17: UNIFICADA | B17: NTGMCAR9 | C17: 989533877 | D17: 10 | E17: CARVAJAL RENGEL MARIA BELEN | F17: =SUM(G17:AD17) -> 0 | G17: V | H17: V | I17: V | J17: V | K17: V | L17: V | M17: V | N17: V | O17: V | P17: V | Q17: V | R17: V | S17: V | T17: V | U17: V | V17: V | W17: V | X17: V | Y17: V | Z17: V | AA17: V | AB17: V | AC17: V | AD17: V | AE17: =SUM(G17:AD17) -> 0 | AF17: VACACIONES | AG17: MIÉRCOLES 31 DE DICIEMBRE | AI17: NTGCCHA3 | AJ17: 0.023900463
A18: UNIFICADA | B18: NTGCCOLT | D18: 11 | E18: COLCHA TOAPANTA CINTHYA VANESSA | F18: 12 | O18: FI | AE18: 12 | AF18: 08:00 A 20:00 | AG18: MIÉRCOLES 31 DE DICIEMBRE | AI18: NTGCCOLT | AJ18: 0.00047453704
A19: UNIFICADA | B19: NTGADELN | C19: 996303208 | D19: 12 | E19: DEL CASTILLO MANCHENO ANDRES DARIO | F19: =SUM(G19:AD19) -> 9 | N19: FI | O19: 1 | P19: 1 | Q19: 1 | R19: 1 | S19: 1 | T19: 1 | V19: 1 | W19: 1 | X19: 1 | AE19: =SUM(G19:AD19) -> 9 | AF19: 07:00 A 14:00 - 15:00 A 18:00 | AG19: MIÉRCOLES 31 DE DICIEMBRE | AI19: NTGCGUAH | AJ19: 0.023344907
A20: UNIFICADA | B20: NTGCGUAH | C20: 985570860 | D20: 13 | E20: GUANOLUISA REMACHE CHRISTIAN ALEXANDER | F20: 12 | O20: 1 | P20: SOPORTE DTH | AE20: 12 | AF20: 08:00 A 20:00 | AG20: MIÉRCOLES 31 DE DICIEMBRE | AI20: NTGCROMA | AJ20: 0.047546296
A21: UNIFICADA | B21: NTGLJACC | C21: 961816449 | D21: 14 | E21: JACOME CAMACHO LUIS HUMBERTO | F21: =SUM(G21:AD21) -> 0 | G21: 0 | H21: 0 | I21: 0 | J21: 0 | K21: 0 | L21: 0 | M21: 0 | N21: 0 | O21: 0 | P21: 0 | Q21: 0 | R21: 0 | S21: 0 | T21: 0 | U21: 0 | V21: 0 | W21: 0 | X21: 0 | Y21: 0 | Z21: 0 | AA21: 0 | AB21: 0 | AC21: 0 | AD21: 0 | AE21: =SUM(G21:AD21) -> 0 | AF21: LIBRE | AG21: MIÉRCOLES 31 DE DICIEMBRE | AI21: NTGDALMZ | AJ21: 0.022256944
A22: UNIFICADA | B22: NTGMJIM0 | C22: 989858490 | D22: 15 | E22: JIMENEZ SILVA MIRIAN PAMELA | F22: 9 | N22: CLIENTES VIP | V22: 1 | AE22: 9 | AF22: 07:00 A 16:00 | AG22: MIÉRCOLES 31 DE DICIEMBRE | AI22: NTGDGUEO | AJ22: 0.011087963
A23: UNIFICADA | B23: NTGELECS | C23: 988957267 | D23: 16 | E23: LECHON SANDOVAL ERICK FERNANDO | F23: =SUM(G23:AD23) -> 11 | M23: 1 | N23: 1 | O23: 1 | P23: 1 | Q23: 1 | R23: 1 | S23: 1 | T23: 1 | U23: 1 | W23: 1 | X23: 1 | AE23: =SUM(G23:AD23) -> 11 | AF23: 06:00 A 15:00 - 16:00 A 18:00 | AG23: MIÉRCOLES 31 DE DICIEMBRE | AI23: NTGDNICC | AJ23: 0.028263889
A24: UNIFICADA | B24: NTGJMOR53 | D24: 17 | E24: MORALES MARTINEZ JOSUE JAVIER | F24: =SUM(G24:AD24) -> 0 | G24: 0 | H24: 0 | I24: 0 | J24: 0 | K24: 0 | L24: 0 | M24: 0 | N24: 0 | O24: 0 | P24: 0 | Q24: 0 | R24: 0 | S24: 0 | T24: 0 | U24: 0 | V24: 0 | W24: 0 | X24: 0 | Y24: 0 | Z24: 0 | AA24: 0 | AB24: 0 | AC24: 0 | AD24: 0 | AE24: =SUM(G24:AD24) -> 0 | AF24: LIBRE | AG24: MIÉRCOLES 31 DE DICIEMBRE | AI24: NTGDTACQ | AJ24: 0.030659722
A25: UNIFICADA | B25: NTGJMOR48 | C25: 962757006 | D25: 18 | E25: MORENO NORIEGA JORGE OSVALDO | F25: =SUM(G25:AD25) -> 8 | O25: FI | P25: FI | Q25: FI | R25: FI | S25: FI | T25: FI | U25: 1 | V25: 1 | W25: 1 | X25: 1 | Y25: 1 | Z25: 1 | AA25: 1 | AB25: 1 | AE25: =SUM(G25:AD25) -> 8 | AF25: 08:00 A 15:00 -16:00 A 22:00 | AG25: MIÉRCOLES 31 DE DICIEMBRE | AI25: NTGDTUAA | AJ25: 0.070717593
A26: UNIFICADA | B26: NTGTMORC | D26: 19 | E26: MOROCHO CALDERON TANIA DENISSE | F26: =SUM(G26:AD26) -> 8 | O26: FI | P26: FI | Q26: FI | R26: FI | S26: 1 | T26: 1 | U26: 1 | W26: 1 | X26: 1 | Y26: 1 | Z26: 1 | AA26: 1 | AE26: =SUM(G26:AD26) -> 8 | AF26: 08:00 A 15:00 -16:00 A 21:00 | AG26: MIÉRCOLES 31 DE DICIEMBRE | AI26: NTGDZAML | AJ26: 0.30385417
A27: UNIFICADA | B27: NTGMPALR | D27: 20 | E27: PALOMO RAMIREZ MAYERLI RAQUEL | F27: =SUM(G27:AD27) -> 6 | N27: 1 | O27: 1 | P27: 1 | Q27: 1 | R27: 1 | S27: 1 | AE27: =SUM(G27:AD27) -> 6 | AF27: 07:00 A 13:00 | AG27: MIÉRCOLES 31 DE DICIEMBRE | AI27: NTGECHIT | AJ27: 0.0017592593
A28: UNIFICADA | B28: NTGEQUI6 | C28: 990489779 | D28: 21 | E28: QUISHPE SIERRA ESTEBAN IGNACIO | F28: =SUM(G28:AD28) -> 9 | M28: 1 | N28: 1 | O28: 1 | P28: 1 | Q28: 1 | R28: 1 | S28: 1 | T28: 1 | U28: 1 | AE28: =SUM(G28:AD28) -> 9 | AF28: 06:00 A 15:00 | AG28: MIÉRCOLES 31 DE DICIEMBRE | AI28: NTGELECS | AJ28: 0.030914352
A29: UNIFICADA | B29: NTGJQUI50 | D29: 22 | E29: QUISPE PALACIOS JOSELYN YADIRA | F29: =SUM(G29:AD29) -> 6 | Y29: 1 | Z29: 1 | AA29: 1 | AB29: 1 | AC29: 1 | AD29: 1 | AE29: =SUM(G29:AD29) -> 6 | AF29: 18:00 A 00:00 | AG29: MIÉRCOLES 31 DE DICIEMBRE | AI29: NTGEMOR1 | AJ29: 0.028773148
A30: UNIFICADA | B30: NTGCROMA | D30: 23 | E30: ROMERO CARRION CARLOS HUMBERTO | F30: =SUM(G30:AD30) -> 10 | M30: 1 | N30: 1 | O30: 1 | P30: 1 | Q30: 1 | R30: 1 | S30: 1 | T30: 1 | U30: 1 | V30: 1 | AE30: =SUM(G30:AD30) -> 10 | AF30: 06:00 A 16:00 | AG30: MIÉRCOLES 31 DE DICIEMBRE | AI30: NTGEQUI6 | AJ30: 0.014467593
A31: UNIFICADA | B31: NTGASAMU | C31: 962936744 | D31: 24 | E31: SAMPEDRO BUÑAY ANA MARIA | F31: =SUM(G31:AD31) -> 7 | X31: 1 | Y31: 1 | Z31: 1 | AA31: 1 | AB31: 1 | AC31: 1 | AD31: 1 | AE31: =SUM(G31:AD31) -> 7 | AF31: 17:00 A 00:00 | AG31: MIÉRCOLES 31 DE DICIEMBRE | AI31: NTGIARIN | AJ31: 0.026793981
A32: UNIFICADA | B32: NTGDTUAA | D32: 25 | E32: TUAPANTA CHANATAXI DANILO JAVIER | F32: =SUM(G32:AD32) -> 12 | O32: 1 | P32: 1 | Q32: 1 | R32: 1 | S32: 1 | T32: 1 | U32: 1 | W32: 1 | X32: 1 | Y32: 1 | Z32: 1 | AA32: 1 | AE32: =SUM(G32:AD32) -> 12 | AF32: 08:00 A 15:00 - 16:00 A 21:00 | AG32: MIÉRCOLES 31 DE DICIEMBRE | AI32: NTGJBELL | AJ32: 0.034328704
A33: UNIFICADA | B33: NTGJUCHC | C33: 984490770 | D33: 26 | E33: UCHUPANTA CUASPA JONATHAN JOSE | F33: =SUM(G33:AD33) -> 11 | P33: 1 | Q33: 1 | R33: 1 | S33: 1 | T33: 1 | U33: 1 | W33: 1 | X33: 1 | Y33: 1 | Z33: 1 | AA33: 1 | AE33: =SUM(G33:AD33) -> 11 | AF33: 09:00 A 15:00 - 16:00 A 21:00 | AG33: MIÉRCOLES 31 DE DICIEMBRE | AI33: NTGJBERO | AJ33: 0.015046296
A34: UNIFICADA | B34: NTGWULLC | C34: 979137365 | D34: 27 | E34: ULLCU COCHA WILMER MARIO | F34: =SUM(G34:AD34) -> 11 | N34: 1 | O34: 1 | P34: 1 | Q34: 1 | R34: 1 | S34: 1 | T34: 1 | U34: 1 | V34: 1 | W34: 1 | X34: 1 | AE34: =SUM(G34:AD34) -> 11 | AF34: 07:00 A 18:00 | AG34: MIÉRCOLES 31 DE DICIEMBRE | AI34: NTGJMOR48 | AJ34: 0.046180556
A35: UNIFICADA | B35: NTGTZAMN | C35: 986256130 | D35: 28 | E35: ZAMBRANO NAPA TANIA LISBETH | F35: =SUM(G35:AD35) -> 0 | G35: 0 | H35: 0 | I35: 0 | J35: 0 | K35: 0 | L35: 0 | M35: 0 | N35: 0 | O35: 0 | P35: 0 | Q35: 0 | R35: 0 | S35: 0 | T35: 0 | U35: 0 | V35: 0 | W35: 0 | X35: 0 | Y35: 0 | Z35: 0 | AA35: 0 | AB35: 0 | AC35: 0 | AD35: 0 | AE35: =SUM(G35:AD35) -> 0 | AF35: LIBRE | AG35: MIÉRCOLES 31 DE DICIEMBRE | AI35: NTGJQUI50 | AJ35: 0.012291667
A36: UNIFICADA | B36: NTGDZAML | D36: 29 | E36: ZAMBRANO SOLANO DIEGO ALEXANDER | F36: =SUM(G36:AD36) -> 9 | G36: 1 | V36: 1 | W36: 1 | X36: 1 | Y36: 1 | Z36: 1 | AA36: 1 | AB36: 1 | AC36: 1 | AE36: =SUM(G36:AD36) -> 9 | AF36: 00:00 A 01:00 - 15:00 A 23:00 | AG36: MIÉRCOLES 31 DE DICIEMBRE | AI36: NTGJUCHC | AJ36: 0.041145833
A37: UNIFICADA | B37: NTGVZURN | C37: 998810875 | D37: 30 | E37: ZURITA NARVAEZ VERONICA CECILIA | F37: =SUM(G37:AD37) -> 9 | N37: 1 | O37: 1 | P37: 1 | Q37: 1 | R37: 1 | T37: 1 | U37: 1 | V37: 1 | W37: 1 | AE37: =SUM(G37:AD37) -> 9 | AF37: 07:00 A 12:00 - 13:00 A 17:00 | AG37: MIÉRCOLES 31 DE DICIEMBRE | AI37: NTGKGAVA_1 | AJ37: 0.011608796
A38: UNIFICADA | B38: NTGAALED | C38: 983804379 | D38: 31 | E38: ALENCASTRO DELGADO ANGELO JOSUE | F38: =SUM(G38:AD38) -> 7 | G38: 1 | H38: 1 | I38: 1 | J38: 1 | K38: 1 | L38: 1 | M38: 1 | AE38: =SUM(G38:AD38) -> 7 | AF38: 00:00 A 07:00 | AG38: MIÉRCOLES 31 DE DICIEMBRE | AI38: NTGKNARM | AJ38: 0.082824074
A39: UNIFICADA | B39: NTGMCAIA | C39: 962839078 | D39: 32 | E39: CAICEDO SIMBAÑA MATEO ANDRES | F39: =SUM(G39:AD39) -> 8 | V39: 1 | W39: 1 | X39: 1 | Y39: 1 | Z39: 1 | AA39: 1 | AB39: 1 | AC39: 1 | AE39: =SUM(G39:AD39) -> 8 | AF39: 15:00 A 23:00 | AG39: MIÉRCOLES 31 DE DICIEMBRE | AI39: NTGKPILQ | AJ39: 0.0034722222
A40: UNIFICADA | B40: NTGEMOR1 | C40: 990660059 | D40: 33 | E40: MORALES LIMA ERIKA ALEXANDRA | F40: =SUM(G40:AD40) -> 8 | T40: 1 | U40: 1 | V40: 1 | W40: 1 | X40: 1 | Y40: 1 | Z40: 1 | AA40: 1 | AE40: =SUM(G40:AD40) -> 8 | AF40: 13:00 A 21:00 | AG40: MIÉRCOLES 31 DE DICIEMBRE | AI40: NTGLMENR | AJ40: 0.0082175926
A41: UNIFICADA | B41: NTGDTACQ | D41: 34 | E41: TACURI QUICHIMBO DAYANA LIZETH | F41: =SUM(G41:AD41) -> 8 | W41: 1 | X41: 1 | Y41: 1 | Z41: 1 | AA41: 1 | AB41: 1 | AC41: 1 | AD41: 1 | AE41: =SUM(G41:AD41) -> 8 | AF41: 16:00 A 00:00 | AG41: MIÉRCOLES 31 DE DICIEMBRE | AI41: NTGMCABU | AJ41: 0.023298611
A42: UNIFICADA | B42: NTGMZUNO | C42: 982807786 | D42: 35 | E42: ZUÑIGA MORENO MISHELL STEFANIA | F42: =SUM(G42:AD42) -> 9 | N42: FI | O42: 1 | P42: 1 | Q42: 1 | R42: 1 | S42: 1 | U42: 1 | V42: 1 | W42: 1 | X42: 1 | AE42: =SUM(G42:AD42) -> 9 | AF42: 07:00 A 13:00 - 14:00 A 18:00 | AG42: MIÉRCOLES 31 DE DICIEMBRE | AI42: NTGMCAIA | AJ42: 0.026539352
A43: UNIFICADA | B43: NTGBVALG | D43: 36 | E43: VALENCIA GARZON BRYAN ORLANDO | F43: =SUM(G43:AD43) -> 7 | P43: 1 | Q43: 1 | R43: 1 | S43: 1 | T43: 1 | U43: 1 | V43: 1 | AE43: =SUM(G43:AD43) -> 7 | AF43: 09:00 A 16:00 | AI43: NTGMCAR9 | AJ43: 0.013159722
A44: UNIFICADA | B44: NTGDALMZ | D44: 37 | E44: ALMEIDA MAZON DEISI DEL ROCIO | F44: =SUM(G44:AD44) -> 7 | P44: 1 | Q44: 1 | R44: 1 | S44: 1 | T44: 1 | U44: 1 | V44: 1 | AE44: =SUM(G44:AD44) -> 7 | AF44: 09:00 A 16:00 | AI44: NTGMCHUA | AJ44: 0.08912037
A45: UNIFICADA | B45: NTGMCHUA | D45: 38 | E45: CHUSQUILLO SALAZAR MACIEL LESLIE | F45: =SUM(G45:AD45) -> 5 | S45: 1 | T45: 1 | U45: 1 | V45: 1 | W45: 1 | AE45: =SUM(G45:AD45) -> 5 | AF45: 12:00 A 17:00 | AI45: NTGMCRUV | AJ45: 0.008125
A46: UNIFICADA | B46: NTGAASPP | D46: 39 | E46: ASPIAZU PILLAJO ANGELICA PAULINA | F46: =SUM(G46:AD46) -> 0 | G46: 0 | H46: 0 | I46: 0 | J46: 0 | K46: 0 | L46: 0 | M46: 0 | N46: 0 | O46: 0 | P46: 0 | Q46: 0 | R46: 0 | S46: 0 | T46: 0 | U46: 0 | V46: 0 | W46: 0 | X46: 0 | Y46: 0 | Z46: 0 | AA46: 0 | AB46: 0 | AC46: 0 | AD46: 0 | AE46: =SUM(G46:AD46) -> 0 | AF46: LIBRE | AI46: NTGMJIM0 | AJ46: 0.040671296
A47: UNIFICADA | B47: NTGKBENF | D47: 40 | E47: BENALCAZAR FIALLOS KEVIN ENRIQUE | F47: =SUM(G47:AD47) -> 0 | G47: 0 | H47: 0 | I47: 0 | J47: 0 | K47: 0 | L47: 0 | M47: 0 | N47: 0 | O47: 0 | P47: 0 | Q47: 0 | R47: 0 | S47: 0 | T47: 0 | U47: 0 | V47: 0 | W47: 0 | X47: 0 | Y47: 0 | Z47: 0 | AA47: 0 | AB47: 0 | AC47: 0 | AD47: 0 | AE47: =SUM(G47:AD47) -> 0 | AF47: LIBRE | AI47: NTGMMUN0 | AJ47: 0.01099537
A48: UNIFICADA | B48: NTGDCANL | D48: 41 | E48: CANELOS SALAZAR DANA SOFIA | F48: =SUM(G48:AD48) -> 0 | G48: 0 | H48: 0 | I48: 0 | J48: 0 | K48: 0 | L48: 0 | M48: 0 | N48: 0 | O48: 0 | P48: 0 | Q48: 0 | R48: 0 | S48: 0 | T48: 0 | U48: 0 | V48: 0 | W48: 0 | X48: 0 | Y48: 0 | Z48: 0 | AA48: 0 | AB48: 0 | AC48: 0 | AD48: 0 | AE48: =SUM(G48:AD48) -> 0 | AF48: LIBRE | AI48: NTGMPALR | AJ48: 0.013043981
A49: UNIFICADA | B49: NTGVCANL | D49: 42 | E49: CANAR LUCERO VICTOR HUGO | F49: =SUM(G49:AD49) -> 0 | G49: 0 | H49: 0 | I49: 0 | J49: 0 | K49: 0 | L49: 0 | M49: 0 | N49: 0 | O49: 0 | P49: 0 | Q49: 0 | R49: 0 | S49: 0 | T49: 0 | U49: 0 | V49: 0 | W49: 0 | X49: 0 | Y49: 0 | Z49: 0 | AA49: 0 | AB49: 0 | AC49: 0 | AD49: 0 | AE49: =SUM(G49:AD49) -> 0 | AF49: LIBRE | AI49: NTGMZUNO | AJ49: 0.072476852
A50: UNIFICADA | B50: NTGBCEVL | D50: 43 | E50: CEVALLOS SOLORZANO BRANDON AARON | F50: =SUM(G50:AD50) -> 0 | G50: 0 | H50: 0 | I50: 0 | J50: 0 | K50: 0 | L50: 0 | M50: 0 | N50: 0 | O50: 0 | P50: 0 | Q50: 0 | R50: 0 | S50: 0 | T50: 0 | U50: 0 | V50: 0 | W50: 0 | X50: 0 | Y50: 0 | Z50: 0 | AA50: 0 | AB50: 0 | AC50: 0 | AD50: 0 | AE50: =SUM(G50:AD50) -> 0 | AF50: LIBRE | AI50: NTGOAQUO | AJ50: 0.04193287
A51: UNIFICADA | B51: NTGBMALC | D51: 44 | E51: MALLA CUENCA BAYRON AUGUSTO | F51: =SUM(G51:AD51) -> 0 | G51: 0 | H51: 0 | I51: 0 | J51: 0 | K51: 0 | L51: 0 | M51: 0 | N51: 0 | O51: 0 | P51: 0 | Q51: 0 | R51: 0 | S51: 0 | T51: 0 | U51: 0 | V51: 0 | W51: 0 | X51: 0 | Y51: 0 | Z51: 0 | AA51: 0 | AB51: 0 | AC51: 0 | AD51: 0 | AE51: =SUM(G51:AD51) -> 0 | AF51: LIBRE | AI51: NTGRQUIV | AJ51: 0.027673611
A52: UNIFICADA | B52: NTGCMARE | D52: 45 | E52: MARIN AVENDANO CLAUDIA MARCELA | F52: =SUM(G52:AD52) -> 0 | G52: 0 | H52: 0 | I52: 0 | J52: 0 | K52: 0 | L52: 0 | M52: 0 | N52: 0 | O52: 0 | P52: 0 | Q52: 0 | R52: 0 | S52: 0 | T52: 0 | U52: 0 | V52: 0 | W52: 0 | X52: 0 | Y52: 0 | Z52: 0 | AA52: 0 | AB52: 0 | AC52: 0 | AD52: 0 | AE52: =SUM(G52:AD52) -> 0 | AF52: LIBRE | AI52: NTGTCHII | AJ52: 0.037280093
A53: UNIFICADA | B53: NTGAMELJ | D53: 46 | E53: MELGAREJO JACOME ALEX SANTIAGO | F53: =SUM(G53:AD53) -> 0 | G53: 0 | H53: 0 | I53: 0 | J53: 0 | K53: 0 | L53: 0 | M53: 0 | N53: 0 | O53: 0 | P53: 0 | Q53: 0 | R53: 0 | S53: 0 | T53: 0 | U53: 0 | V53: 0 | W53: 0 | X53: 0 | Y53: 0 | Z53: 0 | AA53: 0 | AB53: 0 | AC53: 0 | AD53: 0 | AE53: =SUM(G53:AD53) -> 0 | AF53: LIBRE | AI53: NTGTMORC | AJ53: 0.059351852
A54: UNIFICADA | B54: NTGANAVP | D54: 47 | E54: NAVARRO TAPIA ANDRES ALEJANDRO | F54: =SUM(G54:AD54) -> 0 | G54: 0 | H54: 0 | I54: 0 | J54: 0 | K54: 0 | L54: 0 | M54: 0 | N54: 0 | O54: 0 | P54: 0 | Q54: 0 | R54: 0 | S54: 0 | T54: 0 | U54: 0 | V54: 0 | W54: 0 | X54: 0 | Y54: 0 | Z54: 0 | AA54: 0 | AB54: 0 | AC54: 0 | AD54: 0 | AE54: =SUM(G54:AD54) -> 0 | AF54: LIBRE | AI54: NTGTMUNO | AJ54: 0.029108796
A55: UNIFICADA | B55: NTGSDELP | D55: 48 | E55: DEL VALLE PEREZ SANDRA | F55: =SUM(G55:AD55) -> 0 | G55: 0 | H55: 0 | I55: 0 | J55: 0 | K55: 0 | L55: 0 | M55: 0 | N55: 0 | O55: 0 | P55: 0 | Q55: 0 | R55: 0 | S55: 0 | T55: 0 | U55: 0 | V55: 0 | W55: 0 | X55: 0 | Y55: 0 | Z55: 0 | AA55: 0 | AB55: 0 | AC55: 0 | AD55: 0 | AE55: =SUM(G55:AD55) -> 0 | AF55: LIBRE | AI55: NTGVZURN | AJ55: 0.034039352
A56: UNIFICADA | B56: NTGJPUET | D56: 49 | E56: PUENTE TINTIN JORGE PAUL | F56: =SUM(G56:AD56) -> 0 | G56: 0 | H56: 0 | I56: 0 | J56: 0 | K56: 0 | L56: 0 | M56: 0 | N56: 0 | O56: 0 | P56: 0 | Q56: 0 | R56: 0 | S56: 0 | T56: 0 | U56: 0 | V56: 0 | W56: 0 | X56: 0 | Y56: 0 | Z56: 0 | AA56: 0 | AB56: 0 | AC56: 0 | AD56: 0 | AE56: =SUM(G56:AD56) -> 0 | AF56: LIBRE | AI56: NTGWENRJ | AJ56: 0.052407407
A57: UNIFICADA | B57: NTGKVALZ | D57: 50 | E57: VALLADARES ZAMORA KARLA ESTEFANIA | F57: =SUM(G57:AD57) -> 0 | G57: 0 | H57: 0 | I57: 0 | J57: 0 | K57: 0 | L57: 0 | M57: 0 | N57: 0 | O57: 0 | P57: 0 | Q57: 0 | R57: 0 | S57: 0 | T57: 0 | U57: 0 | V57: 0 | W57: 0 | X57: 0 | Y57: 0 | Z57: 0 | AA57: 0 | AB57: 0 | AC57: 0 | AD57: 0 | AE57: =SUM(G57:AD57) -> 0 | AF57: LIBRE | AI57: NTGWULLC | AJ57: 0.027719907
A58: CLIENTES VIP | B58: NTGMLOAS | C58: 984891008 | D58: 1 | E58: LOAIZA SISA MISHELLE JAZMIN | F58: 0 | G58: 0 | H58: 0 | I58: 0 | J58: 0 | K58: 0 | L58: 0 | M58: 0 | N58: 0 | O58: 0 | P58: 0 | Q58: 0 | R58: 0 | S58: 0 | T58: 0 | U58: 0 | V58: 0 | W58: 0 | X58: 0 | Y58: 0 | Z58: 0 | AA58: 0 | AB58: 0 | AC58: 0 | AD58: 0 | AE58: 0 | AF58: LIBRE | AG58: MIÉRCOLES 31 DE DICIEMBRE | AI58: ntgygomr | AJ58: 0.001087963
A59: CLIENTES VIP | B59: NTGDNICC | C59: 983356603 | D59: 2 | E59: NICOLALDE GARCIA DAIVERLYN IVETH | F59: 9 | U59: 1 | V59: CLIENTES VIP | AE59: 9 | AF59: 14:00 A 23:00 | AG59: MIÉRCOLES 31 DE DICIEMBRE | AI59: PSGCMARG | AJ59: 0.15303241
A60: SEG. TRANSFERENCIAS | D60: 1 | E60: FIGUEROA COELLO NATHALIA ESTEFANIA | F60: 0 | G60: V | H60: V | I60: V | J60: V | K60: V | L60: V | M60: V | N60: V | O60: V | P60: V | Q60: V | R60: V | S60: V | T60: V | U60: V | V60: V | W60: V | X60: V | Y60: V | Z60: V | AA60: V | AB60: V | AC60: V | AD60: V | AE60: =SUM(G60:AD60) -> 0 | AF60: VACACIONES | AG60: MIÉRCOLES 31 DE DICIEMBRE | AI60: PSGFARIO | AJ60: 0.066157407
G61: 00:00 - 01:00 | H61: 01:00 - 02:00 | I61: 02:00 - 03:00 | J61: 03:00 - 04:00 | K61: 04:00 - 05:00 | L61: 05:00 - 06:00 | M61: 06:00 - 07:00 | N61: 07:00 - 08:00 | O61: 08:00 - 09:00 | P61: 09:00 - 10:00 | Q61: 10:00 - 11:00 | R61: 11:00 - 12:00 | S61: 12:00 - 13:00 | T61: 13:00 - 14:00 | U61: 14:00 - 15:00 | V61: 15:00 - 16:00 | W61: 16:00 - 17:00 | X61: 17:00 - 18:00 | Y61: 18:00 - 19:00 | Z61: 19:00 - 20:00 | AA61: 20:00 - 21:00 | AB61: 21:00 - 22:00 | AC61: 22:00 - 23:00 | AD61: 23:00 - 00:00 | AI61: PSGLMONG | AJ61: 0.050196759
AI62: PSGPAREG | AJ62: 0.013564815
E63: DIMENSIONAMIENTO | G63: 2 | H63: 2 | I63: 2 | J63: 2 | K63: 2 | L63: 2 | M63: 3 | N63: 3 | O63: 7 | P63: 7 | Q63: 7 | R63: 7 | S63: 7 | T63: 6 | U63: 6 | V63: 6 | W63: 6 | X63: 6 | Y63: 6 | Z63: 6 | AA63: 5 | AB63: 3 | AC63: 3 | AD63: 2 | AE63: =SUM(G63:AD63) -> 108
G64: =G66-G63 -> 0 | H64: =H66-H63 -> 0 | I64: =I66-I63 -> 0 | J64: =J66-J63 -> 0 | K64: =K66-K63 -> 0 | L64: =L66-L63 -> 0 | M64: =M66-M63 -> -1 | N64: =N66-N63 -> -1 | ... AD64: =AD66-AD63 -> 0
E65: SOPORTE TÉCNICO | G65: 00:00 - 01:00 | H65: 01:00 - 02:00 | I65: 02:00 - 03:00 | J65: 03:00 - 04:00 | K65: 04:00 - 05:00 | L65: 05:00 - 06:00 | M65: 06:00 - 07:00 | N65: 07:00 - 08:00 | O65: 08:00 - 09:00 | P65: 09:00 - 10:00 | Q65: 10:00 - 11:00 | R65: 11:00 - 12:00 | S65: 12:00 - 13:00 | T65: 13:00 - 14:00 | U65: 14:00 - 15:00 | V65: 15:00 - 16:00 | W65: 16:00 - 17:00 | X65: 17:00 - 18:00 | Y65: 18:00 - 19:00 | Z65: 19:00 - 20:00 | AA65: 20:00 - 21:00 | AB65: 21:00 - 22:00 | AC65: 22:00 - 23:00 | AD65: 23:00 - 00:00
E66: ASESORES | F66: HT | G66: =SUM(G67:G83) -> 2 | H66: =SUM(H67:H83) -> 2 | I66: =SUM(I67:I83) -> 2 | J66: =SUM(J67:J83) -> 2 | K66: =SUM(K67:K83) -> 2 | L66: =SUM(L67:L83) -> 2 | M66: =SUM(M67:M83) -> 2 | N66: =SUM(N67:N83) -> 2 | ... AD66: =SUM(AD67:AD83) -> 2 | AE66: =SUM(G66:AD66) -> 110 | AF66: HORARIO ASISTENCIA | AG66: FECHA
A67: SOPORTE TÉCNICO | B67: NTGJBERO | C67: 968594141 | D67: 1 | E67: BERMEJO MALDONADO JONATHAN MAURICIO | F67: =SUM(G67:AD67) -> 8 | N67: 1 | O67: 1 | P67: 1 | Q67: 1 | R67: 1 | S67: 1 | T67: 1 | U67: 1 | AE67: =SUM(G67:AD67) -> 8 | AF67: 07:00 A 15:00 | AG67: MIÉRCOLES 31 DE DICIEMBRE
A68: SOPORTE TÉCNICO | B68: NTGECHIT | C68: 996585473 | D68: 2 | E68: CHICAIZA ORTIZ ERIKA VANESSA | F68: =SUM(G68:AD68) -> 7 | M68: FI | N68: 1 | O68: 1 | P68: 1 | Q68: 1 | R68: 1 | S68: 1 | T68: 1 | AE68: =SUM(G68:AD68) -> 7 | AF68: 06:00 A 15:00 | AG68: MIÉRCOLES 31 DE DICIEMBRE
A69: SOPORTE TÉCNICO | B69: NTGTCHII | C69: 997829699 | D69: 3 | E69: CHINGA PITIUR TATIANA LIZBETH | F69: =SUM(G69:AD69) -> 9 | U69: 1 | V69: 1 | W69: 1 | X69: 1 | Y69: 1 | Z69: 1 | AA69: 1 | AB69: 1 | AC69: 1 | AE69: =SUM(G69:AD69) -> 9 | AF69: 14:00 A 23:00 | AG69: MIÉRCOLES 31 DE DICIEMBRE
A70: SOPORTE TÉCNICO | B70: NTGMCRUV | D70: 4 | E70: CRUZ ALVARADO MARIA ESTHELLA | F70: =SUM(G70:AD70) -> 7 | G70: 1 | H70: 1 | I70: 1 | J70: 1 | K70: 1 | L70: 1 | M70: 1 | AE70: =SUM(G70:AD70) -> 7 | AF70: 00:00 A 07:00 | AG70: MIÉRCOLES 31 DE DICIEMBRE
A71: SOPORTE TÉCNICO | B71: NTGYGOMR | C71: 991837641 | D71: 5 | E71: GOMEZ ROSALES YANINA BELEN | F71: =SUM(G71:AD71) -> 5 | U71: 1 | V71: 1 | W71: 1 | X71: 1 | Y71: 1 | AE71: =SUM(G71:AD71) -> 5 | AF71: 14:00 A 19:00 | AG71: MIÉRCOLES 31 DE DICIEMBRE
A72: SOPORTE TÉCNICO | B72: NTGWENRJ | C72: 990911747 | D72: 6 | E72: ENRIQUEZ JARAMILLO WENDY JAZMIN | F72: =SUM(G72:AD72) -> 7 | N72: FI | O72: 1 | P72: 1 | Q72: 1 | R72: 1 | S72: 1 | T72: 1 | U72: 1 | AE72: =SUM(G72:AD72) -> 7 | AF72: 07:00 A 15:00 | AG72: MIÉRCOLES 31 DE DICIEMBRE
A73: SOPORTE TÉCNICO | B73: NTGKGAVA_1 | C73: 993901115 | D73: 7 | E73: GAVILANES AGUIRRE KLEVER GIOVANNY | F73: =SUM(G73:AD73) -> 5 | Z73: 1 | AA73: 1 | AB73: 1 | AC73: 1 | AD73: 1 | AE73: =SUM(G73:AD73) -> 5 | AF73: 19:00 A 00:00 | AG73: MIÉRCOLES 31 DE DICIEMBRE
A74: SOPORTE TÉCNICO | B74: NTGLMENR | C74: 992994680 | D74: 8 | E74: MENA RIERA LUIS FERNANDO | F74: =SUM(G74:AD74) -> 0 | G74: V | H74: V | I74: V | J74: V | K74: V | L74: V | M74: V | N74: V | O74: V | P74: V | Q74: V | R74: V | S74: V | T74: V | U74: V | V74: V | W74: V | X74: V | Y74: V | Z74: V | AA74: V | AB74: V | AC74: V | AD74: V | AE74: =SUM(G74:AD74) -> 0 | AF74: VACACIONES | AG74: MIÉRCOLES 31 DE DICIEMBRE
A75: SOPORTE TÉCNICO | B75: NTGKPILQ | D75: 9 | E75: PILATAXI QUILLUPANGUI KATHYA MISHELL | F75: =SUM(G75:AD75) -> 6 | Y75: 1 | Z75: 1 | AA75: 1 | AB75: 1 | AC75: 1 | AD75: 1 | AE75: =SUM(G75:AD75) -> 6 | AF75: 18:00 A 00:00 | AG75: MIÉRCOLES 31 DE DICIEMBRE
A76: SOPORTE TÉCNICO | B76: NTGCCHA3 | D76: 10 | E76: CHAFUELAN CEDEÑO CRISTOPHER ALEJANDRO | F76: =SUM(G76:AD76) -> 9 | S76: 1 | T76: 1 | U76: 1 | V76: 1 | W76: 1 | X76: 1 | Y76: 1 | Z76: 1 | AA76: 1 | AE76: =SUM(G76:AD76) -> 9 | AF76: 12:00 A 21:00 | AG76: MIÉRCOLES 31 DE DICIEMBRE
A77: SOPORTE TÉCNICO | B77: NTGDGUEO | D77: 11 | E77: GUERREO LOPEZ DIEGO XAVIER | F77: =SUM(G77:AD77) -> 7 | G77: 1 | H77: 1 | I77: 1 | J77: 1 | K77: 1 | L77: 1 | M77: 1 | AE77: =SUM(G77:AD77) -> 7 | AF77: 00:00 A 07:00
A78: SOPORTE TÉCNICO | B78: NTGTMUNO | D78: 12 | E78: MUÑOZ MORENO THOMAS SEBASTIAN | F78: =SUM(G78:AD78) -> 10 | O78: 1 | P78: 1 | Q78: 1 | R78: 1 | S78: 1 | U78: 1 | V78: 1 | W78: 1 | X78: 1 | Y78: 1 | AE78: =SUM(G78:AD78) -> 10 | AF78: 08:00 A 13:00 - 14:00 A 19:00
A79: SOPORTE TÉCNICO | B79: NTGRQUIV | C79: 981074073 | D79: 13 | E79: QUITIAQUEZ VELASCO RICHARD DAVID | F79: =SUM(G79:AD79) -> 10 | R79: 1 | S79: 1 | T79: 1 | U79: 1 | V79: 1 | W79: 1 | X79: 1 | Y79: 1 | Z79: 1 | AA79: 1 | AE79: =SUM(G79:AD79) -> 10 | AF79: 11:00 A 21:00
A80: SOPORTE TÉCNICO | B80: NTGKNARM | C80: 995055956 | D80: 14 | E80: NARVAEZ MALDONADO KARLA JULIET | F80: =SUM(G80:AD80) -> 10 | Q80: 1 | R80: 1 | S80: 1 | T80: 1 | V80: 1 | W80: 1 | X80: 1 | Y80: 1 | Z80: 1 | AA80: 1 | AE80: =SUM(G80:AD80) -> 10 | AF80: 10:00 A 14:00 - 15:00 A 21:00
A81: SOPORTE TÉCNICO | B81: NTGSREAG | C81: 988941361 | D81: 15 | E81: REA GUACHAMIN SHIRLEY NICOLE | F81: =SUM(G81:AD81) -> 0 | G81: 0 | H81: 0 | I81: 0 | J81: 0 | K81: 0 | L81: 0 | M81: 0 | N81: 0 | O81: 0 | P81: 0 | Q81: 0 | R81: 0 | S81: 0 | T81: 0 | U81: 0 | V81: 0 | W81: 0 | X81: 0 | Y81: 0 | Z81: 0 | AA81: 0 | AB81: 0 | AC81: 0 | AD81: 0 | AE81: =SUM(G81:AD81) -> 0 | AF81: LIBRE
A82: SOPORTE TÉCNICO | B82: NTGJMEN13 | D82: 16 | E82: MENDOZA PALACIOS JHON HENRY | F82: =SUM(G82:AD82) -> 0 | G82: 0 | H82: 0 | I82: 0 | J82: 0 | K82: 0 | L82: 0 | M82: 0 | N82: 0 | O82: 0 | P82: 0 | Q82: 0 | R82: 0 | S82: 0 | T82: 0 | U82: 0 | V82: 0 | W82: 0 | X82: 0 | Y82: 0 | Z82: 0 | AA82: 0 | AB82: 0 | AC82: 0 | AD82: 0 | AE82: =SUM(G82:AD82) -> 0 | AF82: LIBRE
A83: SOPORTE TÉCNICO | B83: NTGMMUN0 | D83: 18 | E83: MUÑOZ PACHECO MARIA FERNANDA | F83: =SUM(G83:AD83) -> 10 | P83: 1 | Q83: 1 | R83: 1 | S83: 1 | T83: 1 | V83: 1 | W83: 1 | X83: 1 | Y83: 1 | Z83: 1 | AE83: =SUM(G83:AD83) -> 10 | AF83: 09:00 A 14:00 - 15:00 A 20:00 | AG83: MIÉRCOLES 31 DE DICIEMBRE
G84: 00:00 - 01:00 | H84: 01:00 - 02:00 | I84: 02:00 - 03:00 | J84: 03:00 - 04:00 | K84: 04:00 - 05:00 | L84: 05:00 - 06:00 | M84: 06:00 - 07:00 | N84: 07:00 - 08:00 | O84: 08:00 - 09:00 | P84: 09:00 - 10:00 | Q84: 10:00 - 11:00 | R84: 11:00 - 12:00 | S84: 12:00 - 13:00 | T84: 13:00 - 14:00 | U84: 14:00 - 15:00 | V84: 15:00 - 16:00 | W84: 16:00 - 17:00 | X84: 17:00 - 18:00 | Y84: 18:00 - 19:00 | Z84: 19:00 - 20:00 | AA84: 20:00 - 21:00 | AB84: 21:00 - 22:00 | AC84: 22:00 - 23:00 | AD84: 23:00 - 00:00

Sheet 02
A1: Nomenclatura
A2: ATRASO | B2: REPOSO
A3: FALTA | B3: PAGO POR SOPORTE O ADICIONAL | D3: VIERNES
A4: VACACIONES | B4: CAPACITACIÓN | E4: DIMENSIONAMIENTO | G4: 4 | H4: 3 | I4: 3 | J4: 3 | K4: 3 | L4: 3 | M4: 8 | N4: 10 | O4: 12 | P4: 15 | Q4: 17 | R4: 17 | S4: 17 | T4: 16 | U4: 16 | V4: 16 | W4: 16 | X4: 16 | Y4: 12 | Z4: 12 | AA4: 11 | AB4: 7 | AC4: 7 | AD4: 4 | AE4: =SUM(G4:AD4) -> 248 | AF4: =AE4/9 -> 27.555556
E5: 2 | G5: 00:00 - 01:00 | H5: 01:00 - 02:00 | I5: 02:00 - 03:00 | J5: 03:00 - 04:00 | K5: 04:00 - 05:00 | L5: 05:00 - 06:00 | M5: 06:00 - 07:00 | N5: 07:00 - 08:00 | O5: 08:00 - 09:00 | P5: 09:00 - 10:00 | Q5: 10:00 - 11:00 | R5: 11:00 - 12:00 | S5: 12:00 - 13:00 | T5: 13:00 - 14:00 | U5: 14:00 - 15:00 | V5: 15:00 - 16:00 | W5: 16:00 - 17:00 | X5: 17:00 - 18:00 | Y5: 18:00 - 19:00 | Z5: 19:00 - 20:00 | AA5: 20:00 - 21:00 | AB5: 21:00 - 22:00 | AC5: 22:00 - 23:00 | AD5: 23:00 - 00:00
G6: =G7-G4 -> 0 | H6: =H7-H4 -> 0 | I6: =I7-I4 -> 0 | J6: =J7-J4 -> 0 | K6: =K7-K4 -> 0 | L6: =L7-L4 -> 0 | M6: =M7-M4 -> -1 | N6: =N7-N4 -> 0 | ... AD6: =AD7-AD4 -> 0 | AE6: =SUM(G6:AD6) -> 0
A7: GESTIÓN | B7: USUARIO | C7: CONTACTO | D7: N° | E7: ASESORES | F7: HT | G7: =SUM(G8:G60) -> 4 | H7: =SUM(H8:H60) -> 3 | I7: =SUM(I8:I60) -> 3 | J7: =SUM(J8:J60) -> 3 | K7: =SUM(K8:K60) -> 3 | L7: =SUM(L8:L60) -> 3 | M7: =SUM(M8:M60) -> 7 | N7: =SUM(N8:N60) -> 10 | ... AD7: =SUM(AD8:AD60) -> 4 | AE7: =SUM(G7:AD7) -> 248 | AF7: HORARIO ASISTENCIA | AG7: FECHA
A8: UNIFICADA | B8: NTGBACUC | C8: 999600729 | D8: 1 | E8: ACUÑA CAISAGUANO BYRON DANILO | F8: =SUM(G8:AD8) -> 0 | G8: 0 | H8: 0 | I8: 0 | J8: 0 | K8: 0 | L8: 0 | M8: 0 | N8: 0 | O8: 0 | P8: 0 | Q8: 0 | R8: 0 | S8: 0 | T8: 0 | U8: 0 | V8: 0 | W8: 0 | X8: 0 | Y8: 0 | Z8: 0 | AA8: 0 | AB8: 0 | AC8: 0 | AD8: 0 | AE8: 0 | AF8: LIBRE | AG8: MIÉRCOLES 31 DE DICIEMBRE
A9: UNIFICADA | B9: NTGBALED | C9: 984098910 | D9: 2 | E9: ALENCASTRO DELGADO BRIGITTE SCARLET | F9: =SUM(G9:AD9) -> 13 | G9: 1 | H9: 1 | I9: 1 | J9: 1 | K9: 1 | L9: 1 | M9: 1 | Y9: 1 | Z9: 1 | AA9: 1 | AB9: 1 | AC9: 1 | AD9: 1 | AE9: =SUM(G9:AD9) -> 13 | AF9: 00:00 A 07:00 - 18:00 A 00:00 | AG9: MIÉRCOLES 31 DE DICIEMBRE
A10: UNIFICADA | B10: NTGBALEE | C10: 987983128 | D10: 3 | E10: ALENCASTRO DELGADO BRITANY SAMANTA | F10: =SUM(G10:AD10) -> 8 | V10: 1 | W10: 1 | X10: 1 | Y10: 1 | Z10: 1 | AA10: 1 | AB10: 1 | AC10: 1 | AE10: =SUM(G10:AD10) -> 8 | AF10: 15:00 A 23:00 | AG10: MIÉRCOLES 31 DE DICIEMBRE
A11: UNIFICADA | B11: NTGOAQUO | D11: 4 | E11: AQUINO ORELLANA OTILDA FRANCISCA | F11: =SUM(G11:AD11) -> 0 | G11: 0 | H11: 0 | I11: 0 | J11: 0 | K11: 0 | L11: 0 | M11: 0 | N11: 0 | O11: 0 | P11: 0 | Q11: 0 | R11: 0 | S11: 0 | T11: 0 | U11: 0 | V11: 0 | W11: 0 | X11: 0 | Y11: 0 | Z11: 0 | AA11: 0 | AB11: 0 | AC11: 0 | AD11: 0 | AE11: 0 | AF11: LIBRE | AG11: MIÉRCOLES 31 DE DICIEMBRE
A12: UNIFICADA | B12: NTGAARIF | C12: 998223732 | D12: 5 | E12: ARIAS FARINANGO ARIEL FERNANDO | F12: =SUM(G12:AD12) -> 9 | V12: 1 | W12: 1 | X12: 1 | Y12: 1 | Z12: 1 | AA12: 1 | AB12: 1 | AC12: 1 | AD12: 1 | AE12: =SUM(G12:AD12) -> 9 | AF12: 15:00 A 00:00 | AG12: MIÉRCOLES 31 DE DICIEMBRE
A13: UNIFICADA | B13: NTGIARIN | D13: 6 | E13: ARIAS NARVAEZ ISIS ESCARLETH | F13: =SUM(G13:AD13) -> 10 | T13: 1 | U13: 1 | V13: 1 | W13: 1 | X13: 1 | Y13: 1 | Z13: 1 | AA13: 1 | AB13: 1 | AC13: 1 | AE13: =SUM(G13:AD13) -> 10 | AF13: 13:00 A 23:00 | AG13: MIÉRCOLES 31 DE DICIEMBRE
A14: UNIFICADA | B14: NTGJBELL | C14: 979044107 | D14: 7 | E14: BELTRAN VILLALBA JENNIFER MIGREY | F14: =SUM(G14:AD14) -> 9 | M14: 1 | N14: 1 | O14: 1 | P14: 1 | Q14: 1 | R14: 1 | T14: 1 | U14: 1 | V14: 1 | AE14: =SUM(G14:AD14) -> 9 | AF14: 06:00 A 12:00 - 13:00 A 16:00 | AG14: MIÉRCOLES 31 DE DICIEMBRE
A15: UNIFICADA | B15: NTGJBEND_1 | C15: 995545886 | D15: 8 | E15: BENALCAZAR DUARTE JEANNETH GISSELA | F15: =SUM(G15:AD15) -> 0 | G15: 0 | H15: 0 | I15: 0 | J15: 0 | K15: 0 | L15: 0 | M15: 0 | N15: 0 | O15: 0 | P15: 0 | Q15: 0 | R15: 0 | S15: 0 | T15: 0 | U15: 0 | V15: 0 | W15: 0 | X15: 0 | Y15: 0 | Z15: 0 | AA15: 0 | AB15: 0 | AC15: 0 | AD15: 0 | AE15: =SUM(G15:AD15) -> 0 | AF15: LIBRE | AG15: MIÉRCOLES 31 DE DICIEMBRE
A16: UNIFICADA | B16: NTGMCABU | D16: 9 | E16: CABASCANGO BUSE MARITZA ELIZABETH | F16: =SUM(G16:AD16) -> 0 | G16: 0 | H16: 0 | I16: 0 | J16: 0 | K16: 0 | L16: 0 | M16: 0 | N16: 0 | O16: 0 | P16: 0 | Q16: 0 | R16: 0 | S16: 0 | T16: 0 | U16: 0 | V16: 0 | W16: 0 | X16: 0 | Y16: 0 | Z16: 0 | AA16: 0 | AB16: 0 | AC16: 0 | AD16: 0 | AE16: =SUM(G16:AD16) -> 0 | AF16: LIBRE | AG16: MIÉRCOLES 31 DE DICIEMBRE
A17: UNIFICADA | B17: NTGMCAR9 | C17: 989533877 | D17: 10 | E17: CARVAJAL RENGEL MARIA BELEN | F17: =SUM(G17:AD17) -> 0 | G17: V | H17: V | I17: V | J17: V | K17: V | L17: V | M17: V | N17: V | O17: V | P17: V | Q17: V | R17: V | S17: V | T17: V | U17: V | V17: V | W17: V | X17: V | Y17: V | Z17: V | AA17: V | AB17: V | AC17: V | AD17: V | AE17: =SUM(G17:AD17) -> 0 | AF17: VACACIONES | AG17: MIÉRCOLES 31 DE DICIEMBRE
A18: UNIFICADA | B18: NTGCCOLT | D18: 11 | E18: COLCHA TOAPANTA CINTHYA VANESSA | F18: 12 | O18: SEGUIMIENTO TRANSFERENCIAS | AE18: 12 | AF18: 08:00 A 20:00 | AG18: MIÉRCOLES 31 DE DICIEMBRE
A19: UNIFICADA | B19: NTGADELN | C19: 996303208 | D19: 12 | E19: DEL CASTILLO MANCHENO ANDRES DARIO | F19: =SUM(G19:AD19) -> 11 | M19: 1 | N19: 1 | O19: 1 | P19: 1 | Q19: 1 | R19: 1 | S19: 1 | U19: 1 | V19: 1 | W19: 1 | X19: 1 | AE19: =SUM(G19:AD19) -> 11 | AF19: 06:00 A 13:00 - 14:00 A 18:00 | AG19: MIÉRCOLES 31 DE DICIEMBRE
A20: UNIFICADA | B20: NTGCGUAH | C20: 985570860 | D20: 13 | E20: GUANOLUISA REMACHE CHRISTIAN ALEXANDER | F20: 12 | P20: SOPORTE DTH | AA20: 1 | AE20: 12 | AF20: 09:00 A 21:00 | AG20: MIÉRCOLES 31 DE DICIEMBRE
A21: UNIFICADA | B21: NTGLJACC | C21: 961816449 | D21: 14 | E21: JACOME CAMACHO LUIS HUMBERTO | F21: =SUM(G21:AD21) -> 0 | G21: 0 | H21: 0 | I21: 0 | J21: 0 | K21: 0 | L21: 0 | M21: 0 | N21: 0 | O21: 0 | P21: 0 | Q21: 0 | R21: 0 | S21: 0 | T21: 0 | U21: 0 | V21: 0 | W21: 0 | X21: 0 | Y21: 0 | Z21: 0 | AA21: 0 | AB21: 0 | AC21: 0 | AD21: 0 | AE21: =SUM(G21:AD21) -> 0 | AF21: LIBRE | AG21: MIÉRCOLES 31 DE DICIEMBRE
A22: UNIFICADA | B22: NTGMJIM0 | C22: 989858490 | D22: 15 | E22: JIMENEZ SILVA MIRIAN PAMELA | F22: 8 | N22: CLIENTES VIP | AE22: 8 | AF22: 07:00 A 15:00 | AG22: MIÉRCOLES 31 DE DICIEMBRE
A23: UNIFICADA | B23: NTGELECS | C23: 988957267 | D23: 16 | E23: LECHON SANDOVAL ERICK FERNANDO | F23: =SUM(G23:AD23) -> 0 | G23: 0 | H23: 0 | I23: 0 | J23: 0 | K23: 0 | L23: 0 | M23: 0 | N23: 0 | O23: 0 | P23: 0 | Q23: 0 | R23: 0 | S23: 0 | T23: 0 | U23: 0 | V23: 0 | W23: 0 | X23: 0 | Y23: 0 | Z23: 0 | AA23: 0 | AB23: 0 | AC23: 0 | AD23: 0 | AE23: =SUM(G23:AD23) -> 0 | AF23: LIBRE | AG23: MIÉRCOLES 31 DE DICIEMBRE
A24: UNIFICADA | B24: NTGJMOR53 | D24: 17 | E24: MORALES MARTINEZ JOSUE JAVIER | F24: =SUM(G24:AD24) -> 8 | M24: 1 | N24: 1 | O24: 1 | P24: 1 | Q24: 1 | R24: 1 | S24: 1 | T24: 1 | AE24: =SUM(G24:AD24) -> 8 | AF24: 06:00 A 14:00 | AG24: MIÉRCOLES 31 DE DICIEMBRE
A25: UNIFICADA | B25: NTGJMOR48 | C25: 962757006 | D25: 18 | E25: MORENO NORIEGA JORGE OSVALDO | F25: =SUM(G25:AD25) -> 0 | G25: 0 | H25: 0 | I25: 0 | J25: 0 | K25: 0 | L25: 0 | M25: 0 | N25: 0 | O25: 0 | P25: 0 | Q25: 0 | R25: 0 | S25: 0 | T25: 0 | U25: 0 | V25: 0 | W25: 0 | X25: 0 | Y25: 0 | Z25: 0 | AA25: 0 | AB25: 0 | AC25: 0 | AD25: 0 | AE25: =SUM(G25:AD25) -> 0 | AF25: LIBRE | AG25: MIÉRCOLES 31 DE DICIEMBRE
A26: UNIFICADA | B26: NTGTMORC | D26: 19 | E26: MOROCHO CALDERON TANIA DENISSE | F26: =SUM(G26:AD26) -> 0 | G26: 0 | H26: 0 | I26: 0 | J26: 0 | K26: 0 | L26: 0 | M26: 0 | N26: 0 | O26: 0 | P26: 0 | Q26: 0 | R26: 0 | S26: 0 | T26: 0 | U26: 0 | V26: 0 | W26: 0 | X26: 0 | Y26: 0 | Z26: 0 | AA26: 0 | AB26: 0 | AC26: 0 | AD26: 0 | AE26: =SUM(G26:AD26) -> 0 | AF26: LIBRE | AG26: MIÉRCOLES 31 DE DICIEMBRE
A27: UNIFICADA | B27: NTGMPALR | D27: 20 | E27: PALOMO RAMIREZ MAYERLI RAQUEL | F27: =SUM(G27:AD27) -> 6 | N27: 1 | O27: 1 | P27: 1 | Q27: 1 | R27: 1 | S27: 1 | AE27: =SUM(G27:AD27) -> 6 | AF27: 07:00 A 13:00 | AG27: MIÉRCOLES 31 DE DICIEMBRE
A28: UNIFICADA | B28: NTGEQUI6 | C28: 990489779 | D28: 21 | E28: QUISHPE SIERRA ESTEBAN IGNACIO | F28: =SUM(G28:AD28) -> 0 | G28: 0 | H28: 0 | I28: 0 | J28: 0 | K28: 0 | L28: 0 | M28: 0 | N28: 0 | O28: 0 | P28: 0 | Q28: 0 | R28: 0 | S28: 0 | T28: 0 | U28: 0 | V28: 0 | W28: 0 | X28: 0 | Y28: 0 | Z28: 0 | AA28: 0 | AB28: 0 | AC28: 0 | AD28: 0 | AE28: =SUM(G28:AD28) -> 0 | AF28: LIBRE | AG28: MIÉRCOLES 31 DE DICIEMBRE
A29: UNIFICADA | B29: NTGJQUI50 | D29: 22 | E29: QUISPE PALACIOS JOSELYN YADIRA | F29: =SUM(G29:AD29) -> 13 | G29: 1 | H29: 1 | I29: 1 | J29: 1 | K29: 1 | L29: 1 | M29: 1 | Y29: 1 | Z29: 1 | AA29: 1 | AB29: 1 | AC29: 1 | AD29: 1 | AE29: =SUM(G29:AD29) -> 13 | AF29: 00:00 A 07:00 - 18:00 A 00:00 | AG29: MIÉRCOLES 31 DE DICIEMBRE
A30: UNIFICADA | B30: NTGCROMA | D30: 23 | E30: ROMERO CARRION CARLOS HUMBERTO | F30: =SUM(G30:AD30) -> 8 | M30: 1 | N30: 1 | O30: 1 | P30: 1 | Q30: 1 | R30: 1 | S30: 1 | T30: 1 | AE30: =SUM(G30:AD30) -> 8 | AF30: 06:00 A 14:00 | AG30: MIÉRCOLES 31 DE DICIEMBRE
A31: UNIFICADA | B31: NTGASAMU | C31: 962936744 | D31: 24 | E31: SAMPEDRO BUÑAY ANA MARIA | F31: =SUM(G31:AD31) -> 12 | G31: 1 | H31: 1 | I31: 1 | J31: 1 | K31: 1 | L31: 1 | M31: 1 | Z31: 1 | AA31: 1 | AB31: 1 | AC31: 1 | AD31: 1 | AE31: =SUM(G31:AD31) -> 12 | AF31: 00:00 A 07:00 - 19:00 A 00:00 | AG31: MIÉRCOLES 31 DE DICIEMBRE
A32: UNIFICADA | B32: NTGDTUAA | D32: 25 | E32: TUAPANTA CHANATAXI DANILO JAVIER | F32: =SUM(G32:AD32) -> 0 | G32: 0 | H32: 0 | I32: 0 | J32: 0 | K32: 0 | L32: 0 | M32: 0 | N32: 0 | O32: 0 | P32: 0 | Q32: 0 | R32: 0 | S32: 0 | T32: 0 | U32: 0 | V32: 0 | W32: 0 | X32: 0 | Y32: 0 | Z32: 0 | AA32: 0 | AB32: 0 | AC32: 0 | AD32: 0 | AE32: =SUM(G32:AD32) -> 0 | AF32: LIBRE | AG32: MIÉRCOLES 31 DE DICIEMBRE
A33: UNIFICADA | B33: NTGJUCHC | C33: 984490770 | D33: 26 | E33: UCHUPANTA CUASPA JONATHAN JOSE | F33: =SUM(G33:AD33) -> 0 | G33: 0 | H33: 0 | I33: 0 | J33: 0 | K33: 0 | L33: 0 | M33: 0 | N33: 0 | O33: 0 | P33: 0 | Q33: 0 | R33: 0 | S33: 0 | T33: 0 | U33: 0 | V33: 0 | W33: 0 | X33: 0 | Y33: 0 | Z33: 0 | AA33: 0 | AB33: 0 | AC33: 0 | AD33: 0 | AE33: =SUM(G33:AD33) -> 0 | AF33: LIBRE | AG33: MIÉRCOLES 31 DE DICIEMBRE
A34: UNIFICADA | B34: NTGWULLC | C34: 979137365 | D34: 27 | E34: ULLCU COCHA WILMER MARIO | F34: =SUM(G34:AD34) -> 6 | N34: 1 | O34: 1 | P34: 1 | Q34: 1 | R34: 1 | S34: 1 | AE34: =SUM(G34:AD34) -> 6 | AF34: 07:00 A 13:00 | AG34: MIÉRCOLES 31 DE DICIEMBRE
A35: UNIFICADA | B35: NTGTZAMN | C35: 986256130 | D35: 28 | E35: ZAMBRANO NAPA TANIA LISBETH | F35: =SUM(G35:AD35) -> 0 | G35: 0 | H35: 0 | I35: 0 | J35: 0 | K35: 0 | L35: 0 | M35: 0 | N35: 0 | O35: 0 | P35: 0 | Q35: 0 | R35: 0 | S35: 0 | T35: 0 | U35: 0 | V35: 0 | W35: 0 | X35: 0 | Y35: 0 | Z35: 0 | AA35: 0 | AB35: 0 | AC35: 0 | AD35: 0 | AE35: =SUM(G35:AD35) -> 0 | AF35: LIBRE | AG35: MIÉRCOLES 31 DE DICIEMBRE
A36: UNIFICADA | B36: NTGDZAML | D36: 29 | E36: ZAMBRANO SOLANO DIEGO ALEXANDER | F36: =SUM(G36:AD36) -> 0 | G36: 0 | H36: 0 | I36: 0 | J36: 0 | K36: 0 | L36: 0 | M36: 0 | N36: 0 | O36: 0 | P36: 0 | Q36: 0 | R36: 0 | S36: 0 | T36: 0 | U36: 0 | V36: 0 | W36: 0 | X36: 0 | Y36: 0 | Z36: 0 | AA36: 0 | AB36: 0 | AC36: 0 | AD36: 0 | AE36: =SUM(G36:AD36) -> 0 | AF36: LIBRE | AG36: MIÉRCOLES 31 DE DICIEMBRE
A37: UNIFICADA | B37: NTGVZURN | C37: 998810875 | D37: 30 | E37: ZURITA NARVAEZ VERONICA CECILIA | F37: =SUM(G37:AD37) -> 8 | N37: 1 | O37: 1 | P37: 1 | Q37: 1 | R37: 1 | S37: 1 | T37: 1 | U37: 1 | AE37: =SUM(G37:AD37) -> 8 | AF37: 07:00 A 15:00 | AG37: MIÉRCOLES 31 DE DICIEMBRE
A38: UNIFICADA | B38: NTGAALED | C38: 983804379 | D38: 31 | E38: ALENCASTRO DELGADO ANGELO JOSUE | F38: =SUM(G38:AD38) -> 0 | G38: 0 | H38: 0 | I38: 0 | J38: 0 | K38: 0 | L38: 0 | M38: 0 | N38: 0 | O38: 0 | P38: 0 | Q38: 0 | R38: 0 | S38: 0 | T38: 0 | U38: 0 | V38: 0 | W38: 0 | X38: 0 | Y38: 0 | Z38: 0 | AA38: 0 | AB38: 0 | AC38: 0 | AD38: 0 | AE38: =SUM(G38:AD38) -> 0 | AF38: LIBRE | AG38: MIÉRCOLES 31 DE DICIEMBRE
A39: UNIFICADA | B39: NTGMCAIA | C39: 962839078 | D39: 32 | E39: CAICEDO SIMBAÑA MATEO ANDRES | F39: =SUM(G39:AD39) -> 0 | G39: 0 | H39: 0 | I39: 0 | J39: 0 | K39: 0 | L39: 0 | M39: 0 | N39: 0 | O39: 0 | P39: 0 | Q39: 0 | R39: 0 | S39: 0 | T39: 0 | U39: 0 | V39: 0 | W39: 0 | X39: 0 | Y39: 0 | Z39: 0 | AA39: 0 | AB39: 0 | AC39: 0 | AD39: 0 | AE39: =SUM(G39:AD39) -> 0 | AF39: LIBRE | AG39: MIÉRCOLES 31 DE DICIEMBRE
A40: UNIFICADA | B40: NTGEMOR1 | C40: 990660059 | D40: 33 | E40: MORALES LIMA ERIKA ALEXANDRA | F40: =SUM(G40:AD40) -> 9 | U40: 1 | V40: 1 | W40: 1 | X40: 1 | Y40: 1 | Z40: 1 | AA40: 1 | AB40: 1 | AC40: 1 | AE40: =SUM(G40:AD40) -> 9 | AF40: 14:00 A 23:00 | AG40: MIÉRCOLES 31 DE DICIEMBRE
A41: UNIFICADA | B41: NTGDTACQ | D41: 34 | E41: TACURI QUICHIMBO DAYANA LIZETH | F41: 0 | G41: 1 | H41: 0 | I41: 0 | J41: 0 | K41: 0 | L41: 0 | M41: 0 | N41: 0 | O41: 0 | P41: 0 | Q41: 0 | R41: 0 | S41: 0 | T41: 0 | U41: 0 | V41: 0 | W41: 0 | X41: 0 | Y41: 0 | Z41: 0 | AA41: 0 | AB41: 0 | AC41: 0 | AD41: 0 | AE41: =SUM(G41:AD41) -> 1 | AF41: 00:00 A 01:00 | AG41: MIÉRCOLES 31 DE DICIEMBRE
A42: UNIFICADA | B42: NTGMZUNO | C42: 982807786 | D42: 35 | E42: ZUÑIGA MORENO MISHELL STEFANIA | F42: =SUM(G42:AD42) -> 8 | N42: 1 | O42: 1 | P42: 1 | Q42: 1 | R42: 1 | S42: 1 | T42: 1 | U42: 1 | AE42: =SUM(G42:AD42) -> 8 | AF42: 07:00 A 15:00 | AG42: MIÉRCOLES 31 DE DICIEMBRE
A43: UNIFICADA | B43: NTGBVALG | D43: 36 | E43: VALENCIA GARZON BRYAN ORLANDO | F43: =SUM(G43:AD43) -> 8 | O43: 1 | P43: 1 | Q43: 1 | R43: 1 | S43: 1 | T43: 1 | U43: 1 | V43: 1 | AE43: =SUM(G43:AD43) -> 8 | AF43: 08:00 A 16:00 | AG43: MIÉRCOLES 31 DE DICIEMBRE
A44: UNIFICADA | B44: NTGDALMZ | D44: 37 | E44: ALMEIDA MAZON DEISI DEL ROCIO | F44: =SUM(G44:AD44) -> 8 | O44: 1 | P44: 1 | Q44: 1 | R44: 1 | S44: 1 | T44: 1 | U44: 1 | V44: 1 | AE44: =SUM(G44:AD44) -> 8 | AF44: 08:00 A 16:00 | AG44: MIÉRCOLES 31 DE DICIEMBRE
A45: UNIFICADA | B45: NTGMCHUA | D45: 38 | E45: CHUSQUILLO SALAZAR MACIEL LESLIE | F45: =SUM(G45:AD45) -> 8 | P45: 1 | Q45: 1 | R45: 1 | S45: 1 | T45: 1 | V45: 1 | W45: 1 | X45: 1 | AE45: =SUM(G45:AD45) -> 8 | AF45: 09:00 A 14:00 - 15:00 A 18:00 | AG45: MIÉRCOLES 31 DE DICIEMBRE
A46: UNIFICADA | B46: NTGAASPP | D46: 39 | E46: ASPIAZU PILLAJO ANGELICA PAULINA | F46: =SUM(G46:AD46) -> 6 | N46: 1 | O46: 1 | P46: 1 | Q46: 1 | R46: 1 | S46: 1 | AE46: =SUM(G46:AD46) -> 6 | AF46: 07:00 A 13:00 | AG46: MIÉRCOLES 31 DE DICIEMBRE
A47: UNIFICADA | B47: NTGKBENF | D47: 40 | E47: BENALCAZAR FIALLOS KEVIN ENRIQUE | F47: =SUM(G47:AD47) -> 6 | N47: 1 | O47: 1 | P47: 1 | Q47: 1 | R47: 1 | S47: 1 | AE47: =SUM(G47:AD47) -> 6 | AF47: 07:00 A 13:00 | AG47: MIÉRCOLES 31 DE DICIEMBRE
A48: UNIFICADA | B48: NTGDCANL | D48: 41 | E48: CANELOS SALAZAR DANA SOFIA | F48: =SUM(G48:AD48) -> 5 | O48: 1 | P48: 1 | Q48: 1 | R48: 1 | S48: 1 | AE48: =SUM(G48:AD48) -> 5 | AF48: 08:00 A 13:00 | AG48: MIÉRCOLES 31 DE DICIEMBRE
A49: UNIFICADA | B49: NTGVCANL | D49: 42 | E49: CANAR LUCERO VICTOR HUGO | F49: =SUM(G49:AD49) -> 7 | U49: 1 | V49: 1 | W49: 1 | X49: 1 | Y49: 1 | Z49: 1 | AA49: 1 | AE49: =SUM(G49:AD49) -> 7 | AF49: 14:00 A 21:00 | AG49: MIÉRCOLES 31 DE DICIEMBRE
A50: UNIFICADA | B50: NTGBCEVL | D50: 43 | E50: CEVALLOS SOLORZANO BRANDON AARON | F50: =SUM(G50:AD50) -> 7 | U50: 1 | V50: 1 | W50: 1 | X50: 1 | Y50: 1 | Z50: 1 | AA50: 1 | AE50: =SUM(G50:AD50) -> 7 | AF50: 14:00 A 21:00 | AG50: MIÉRCOLES 31 DE DICIEMBRE
A51: UNIFICADA | B51: NTGBMALC | D51: 44 | E51: MALLA CUENCA BAYRON AUGUSTO | F51: =SUM(G51:AD51) -> 7 | T51: 1 | U51: 1 | W51: 1 | X51: 1 | Y51: 1 | Z51: 1 | AA51: 1 | AE51: =SUM(G51:AD51) -> 7 | AF51: 13:00 A 15:00 - 16:00 A 21:00
A52: UNIFICADA | B52: NTGCMARE | D52: 45 | E52: MARIN AVENDANO CLAUDIA MARCELA | F52: =SUM(G52:AD52) -> 8 | P52: 1 | Q52: 1 | R52: 1 | S52: 1 | T52: 1 | V52: 1 | W52: 1 | X52: 1 | AE52: =SUM(G52:AD52) -> 8 | AF52: 09:00 A 14:00 - 15:00 A 18:00
A53: UNIFICADA | B53: NTGAMELJ | D53: 46 | E53: MELGAREJO JACOME ALEX SANTIAGO | F53: =SUM(G53:AD53) -> 8 | Q53: 1 | R53: 1 | S53: 1 | T53: 1 | U53: 1 | V53: 1 | W53: 1 | X53: 1 | AE53: =SUM(G53:AD53) -> 8 | AF53: 10:00 A 18:00
A54: UNIFICADA | B54: NTGANAVP | D54: 47 | E54: NAVARRO TAPIA ANDRES ALEJANDRO | F54: =SUM(G54:AD54) -> 7 | T54: 1 | U54: 1 | V54: 1 | W54: 1 | X54: 1 | Y54: 1 | Z54: 1 | AE54: =SUM(G54:AD54) -> 7 | AF54: 13:00 A 20:00
A55: UNIFICADA | B55: NTGSDELP | D55: 48 | E55: DEL VALLE PEREZ SANDRA | F55: =SUM(G55:AD55) -> 8 | Q55: 1 | R55: 1 | S55: 1 | T55: 1 | U55: 1 | V55: 1 | W55: 1 | X55: 1 | AE55: =SUM(G55:AD55) -> 8 | AF55: 10:00 A 18:00
A56: UNIFICADA | B56: NTGJPUET | D56: 49 | E56: PUENTE TINTIN JORGE PAUL | F56: =SUM(G56:AD56) -> 7 | S56: 1 | T56: 1 | U56: 1 | V56: 1 | W56: 1 | X56: 1 | Y56: 1 | AE56: =SUM(G56:AD56) -> 7 | AF56: 12:00 A 19:00
A57: UNIFICADA | B57: NTGKVALZ | D57: 50 | E57: VALLADARES ZAMORA KARLA ESTEFANIA | F57: =SUM(G57:AD57) -> 8 | S57: 1 | T57: 1 | U57: 1 | V57: 1 | W57: 1 | X57: 1 | Y57: 1 | Z57: 1 | AE57: =SUM(G57:AD57) -> 8 | AF57: 12:00 A 20:00
D58: 1 | E58: LOAIZA SISA MISHELLE JAZMIN | F58: 0 | G58: 0 | H58: 0 | I58: 0 | J58: 0 | K58: 0 | L58: 0 | M58: 0 | N58: 0 | O58: 0 | P58: 0 | Q58: 0 | R58: 0 | S58: 0 | T58: 0 | U58: 0 | V58: 0 | W58: 0 | X58: 0 | Y58: 0 | Z58: 0 | AA58: 0 | AB58: 0 | AC58: 0 | AD58: 0 | AE58: 0 | AF58: LIBRE
D59: 2 | E59: NICOLALDE GARCIA DAIVERLYN IVETH | F59: 8 | V59: CLIENTES VIP | AE59: 8 | AF59: 15:00 A 23:00
D60: 1 | E60: FIGUEROA COELLO NATHALIA ESTEFANIA | F60: 0 | G60: V | H60: V | I60: V | J60: V | K60: V | L60: V | M60: V | N60: V | O60: V | P60: V | Q60: V | R60: V | S60: V | T60: V | U60: V | V60: V | W60: V | X60: V | Y60: V | Z60: V | AA60: V | AB60: V | AC60: V | AD60: V | AE60: =SUM(G60:AD60) -> 0 | AF60: VACACIONES
G61: 00:00 - 01:00 | H61: 01:00 - 02:00 | I61: 02:00 - 03:00 | J61: 03:00 - 04:00 | K61: 04:00 - 05:00 | L61: 05:00 - 06:00 | M61: 06:00 - 07:00 | N61: 07:00 - 08:00 | O61: 08:00 - 09:00 | P61: 09:00 - 10:00 | Q61: 10:00 - 11:00 | R61: 11:00 - 12:00 | S61: 12:00 - 13:00 | T61: 13:00 - 14:00 | U61: 14:00 - 15:00 | V61: 15:00 - 16:00 | W61: 16:00 - 17:00 | X61: 17:00 - 18:00 | Y61: 18:00 - 19:00 | Z61: 19:00 - 20:00 | AA61: 20:00 - 21:00 | AB61: 21:00 - 22:00 | AC61: 22:00 - 23:00 | AD61: 23:00 - 00:00
E63: DIMENSIONAMIENTO | G63: 2 | H63: 2 | I63: 2 | J63: 2 | K63: 2 | L63: 2 | M63: 3 | N63: 3 | O63: 5 | P63: 6 | Q63: 7 | R63: 8 | S63: 6 | T63: 6 | U63: 6 | V63: 6 | W63: 6 | X63: 5 | Y63: 5 | Z63: 5 | AA63: 4 | AB63: 3 | AC63: 3 | AD63: 2 | AE63: =SUM(G63:AD63) -> 101
G64: =G66-G63 -> 0 | H64: =H66-H63 -> 0 | I64: =I66-I63 -> 0 | J64: =J66-J63 -> 0 | K64: =K66-K63 -> 0 | L64: =L66-L63 -> 0 | M64: =M66-M63 -> 1 | N64: =N66-N63 -> 1 | ... AD64: =AD66-AD63 -> 0
E65: SOPORTE TÉCNICO | G65: 00:00 - 01:00 | H65: 01:00 - 02:00 | I65: 02:00 - 03:00 | J65: 03:00 - 04:00 | K65: 04:00 - 05:00 | L65: 05:00 - 06:00 | M65: 06:00 - 07:00 | N65: 07:00 - 08:00 | O65: 08:00 - 09:00 | P65: 09:00 - 10:00 | Q65: 10:00 - 11:00 | R65: 11:00 - 12:00 | S65: 12:00 - 13:00 | T65: 13:00 - 14:00 | U65: 14:00 - 15:00 | V65: 15:00 - 16:00 | W65: 16:00 - 17:00 | X65: 17:00 - 18:00 | Y65: 18:00 - 19:00 | Z65: 19:00 - 20:00 | AA65: 20:00 - 21:00 | AB65: 21:00 - 22:00 | AC65: 22:00 - 23:00 | AD65: 23:00 - 00:00
E66: ASESORES | F66: HT | G66: =SUM(G67:G83) -> 2 | H66: =SUM(H67:H83) -> 2 | I66: =SUM(I67:I83) -> 2 | J66: =SUM(J67:J83) -> 2 | K66: =SUM(K67:K83) -> 2 | L66: =SUM(L67:L83) -> 2 | M66: =SUM(M67:M83) -> 4 | N66: =SUM(N67:N83) -> 4 | ... AD66: =SUM(AD67:AD83) -> 2 | AE66: =SUM(G66:AD66) -> 107 | AF66: HORARIO ASISTENCIA | AG66: FECHA
A67: SOPORTE TÉCNICO | B67: NTGECHIT | C67: 996585473 | D67: 1 | E67: BERMEJO MALDONADO JONATHAN MAURICIO | F67: =SUM(G67:AD67) -> 8 | N67: 1 | O67: 1 | P67: 1 | Q67: 1 | R67: 1 | S67: 1 | T67: 1 | U67: 1 | AE67: =SUM(G67:AD67) -> 8 | AF67: 07:00 A 15:00 | AG67: MIÉRCOLES 31 DE DICIEMBRE
A68: SOPORTE TÉCNICO | B68: NTGMCRUL | D68: 2 | E68: CHICAIZA ORTIZ ERIKA VANESSA | F68: =SUM(G68:AD68) -> 8 | M68: 1 | N68: 1 | O68: 1 | P68: 1 | Q68: 1 | R68: 1 | T68: 1 | U68: 1 | AE68: =SUM(G68:AD68) -> 8 | AF68: 06:00 A 12:00 - 13:00 A 15:00 | AG68: MIÉRCOLES 31 DE DICIEMBRE
A69: SOPORTE TÉCNICO | B69: NTGDCUNU | C69: 969250973 | D69: 3 | E69: CHINGA PITIUR TATIANA LIZBETH | F69: =SUM(G69:AD69) -> 8 | V69: 1 | W69: 1 | X69: 1 | Y69: 1 | Z69: 1 | AA69: 1 | AB69: 1 | AC69: 1 | AE69: =SUM(G69:AD69) -> 8 | AF69: 15:00 A 23:00 | AG69: MIÉRCOLES 31 DE DICIEMBRE
A70: SOPORTE TÉCNICO | B70: NTGWENRJ | C70: 990911747 | D70: 4 | E70: CRUZ ALVARADO MARIA ESTHELLA | F70: =SUM(G70:AD70) -> 9 | R70: 1 | S70: 1 | T70: 1 | U70: 1 | V70: 1 | W70: 1 | X70: 1 | Y70: 1 | Z70: 1 | AE70: 9 | AF70: 11:00 A 20:00 | AG70: MIÉRCOLES 31 DE DICIEMBRE
A71: SOPORTE TÉCNICO | B71: NTGKGAVA_1 | C71: 993901115 | D71: 5 | E71: GOMEZ ROSALES YANINA BELEN | F71: =SUM(G71:AD71) -> 6 | M71: 1 | N71: 1 | O71: 1 | P71: 1 | Q71: 1 | R71: 1 | AE71: =SUM(G71:AD71) -> 6 | AF71: 06:00 A 12:00 | AG71: MIÉRCOLES 31 DE DICIEMBRE
A72: SOPORTE TÉCNICO | B72: NTGLMENR | C72: 992994680 | D72: 6 | E72: ENRIQUEZ JARAMILLO WENDY JAZMIN | F72: =SUM(G72:AD72) -> 10 | N72: 1 | O72: 1 | P72: 1 | Q72: 1 | R72: 1 | S72: 1 | T72: 1 | U72: 1 | V72: 1 | W72: 1 | AE72: =SUM(G72:AD72) -> 10 | AF72: 07:00 A 17:00 | AG72: MIÉRCOLES 31 DE DICIEMBRE
A73: SOPORTE TÉCNICO | B73: NTGKPILQ | D73: 7 | E73: GAVILANES AGUIRRE KLEVER GIOVANNY | F73: =SUM(G73:AD73) -> 12 | G73: 1 | H73: 1 | I73: 1 | J73: 1 | K73: 1 | L73: 1 | M73: 1 | Z73: 1 | AA73: 1 | AB73: 1 | AC73: 1 | AD73: 1 | AE73: =SUM(G73:AD73) -> 12 | AF73: 00:00 A 07:00 - 19:00 A 00:00 | AG73: MIÉRCOLES 31 DE DICIEMBRE
A74: SOPORTE TÉCNICO | B74: NTGCCHA3 | D74: 8 | E74: MENA RIERA LUIS FERNANDO | F74: =SUM(G74:AD74) -> 0 | G74: V | H74: V | I74: V | J74: V | K74: V | L74: V | M74: V | N74: V | O74: V | P74: V | Q74: V | R74: V | S74: V | T74: V | U74: V | V74: V | W74: V | X74: V | Y74: V | Z74: V | AA74: V | AB74: V | AC74: V | AD74: V | AE74: =SUM(G74:AD74) -> 0 | AF74: VACACIONES | AG74: MIÉRCOLES 31 DE DICIEMBRE
A75: SOPORTE TÉCNICO | B75: NTGDGUEO | D75: 9 | E75: PILATAXI QUILLUPANGUI KATHYA MISHELL | F75: =SUM(G75:AD75) -> 12 | G75: 1 | H75: 1 | I75: 1 | J75: 1 | K75: 1 | L75: 1 | M75: 1 | Z75: 1 | AA75: 1 | AB75: 1 | AC75: 1 | AD75: 1 | AE75: =SUM(G75:AD75) -> 12 | AF75: 00:00 A 07:00 - 19:00 A 00:00 | AG75: MIÉRCOLES 31 DE DICIEMBRE
A76: SOPORTE TÉCNICO | B76: NTGTMUNO | D76: 10 | E76: CHAFUELAN CEDEÑO CRISTOPHER ALEJANDRO | F76: =SUM(G76:AD76) -> 8 | T76: 1 | U76: 1 | V76: 1 | W76: 1 | X76: 1 | Y76: 1 | Z76: 1 | AA76: 1 | AE76: =SUM(G76:AD76) -> 8 | AF76: 13:00 A 21:00 | AG76: MIÉRCOLES 31 DE DICIEMBRE
D77: 11 | E77: GUERREO LOPEZ DIEGO XAVIER | F77: =SUM(G77:AD77) -> 0 | G77: 0 | H77: 0 | I77: 0 | J77: 0 | K77: 0 | L77: 0 | M77: 0 | N77: 0 | O77: 0 | P77: 0 | Q77: 0 | R77: 0 | S77: 0 | T77: 0 | U77: 0 | V77: 0 | W77: 0 | X77: 0 | Y77: 0 | Z77: 0 | AA77: 0 | AB77: 0 | AC77: 0 | AD77: 0 | AE77: 0 | AF77: LIBRE
D78: 12 | E78: MUÑOZ MORENO THOMAS SEBASTIAN | F78: =SUM(G78:AD78) -> 9 | O78: 1 | P78: 1 | Q78: 1 | R78: 1 | S78: 1 | U78: 1 | V78: 1 | W78: 1 | X78: 1 | AE78: =SUM(G78:AD78) -> 9 | AF78: 08:00 A 13:00 - 14:00 A 18:00
D79: 13 | E79: QUITIAQUEZ VELASCO RICHARD DAVID | F79: =SUM(G79:AD79) -> 0 | G79: 0 | H79: 0 | I79: 0 | J79: 0 | K79: 0 | L79: 0 | M79: 0 | N79: 0 | O79: 0 | P79: 0 | Q79: 0 | R79: 0 | S79: 0 | T79: 0 | U79: 0 | V79: 0 | W79: 0 | X79: 0 | Y79: 0 | Z79: 0 | AA79: 0 | AB79: 0 | AC79: 0 | AD79: 0 | AE79: =SUM(G79:AD79) -> 0 | AF79: LIBRE
D80: 14 | E80: NARVAEZ MALDONADO KARLA JULIET | F80: =SUM(G80:AD80) -> 8 | Q80: 1 | R80: 1 | S80: 1 | T80: 1 | V80: 1 | W80: 1 | X80: 1 | Y80: 1 | AE80: =SUM(G80:AD80) -> 8 | AF80: 10:00 A 14:00 - 15:00 A 19:00
D81: 15 | E81: REA GUACHAMIN SHIRLEY NICOLE | F81: =SUM(G81:AD81) -> 0 | G81: 0 | H81: 0 | I81: 0 | J81: 0 | K81: 0 | L81: 0 | M81: 0 | N81: 0 | O81: 0 | P81: 0 | Q81: 0 | R81: 0 | S81: 0 | T81: 0 | U81: 0 | V81: 0 | W81: 0 | X81: 0 | Y81: 0 | Z81: 0 | AA81: 0 | AB81: 0 | AC81: 0 | AD81: 0 | AE81: =SUM(G81:AD81) -> 0 | AF81: LIBRE
D82: 16 | E82: MENDOZA PALACIOS JHON HENRY | F82: =SUM(G82:AD82) -> 0 | G82: 0 | H82: 0 | I82: 0 | J82: 0 | K82: 0 | L82: 0 | M82: 0 | N82: 0 | O82: 0 | P82: 0 | Q82: 0 | R82: 0 | S82: 0 | T82: 0 | U82: 0 | V82: 0 | W82: 0 | X82: 0 | Y82: 0 | Z82: 0 | AA82: 0 | AB82: 0 | AC82: 0 | AD82: 0 | AE82: =SUM(G82:AD82) -> 0 | AF82: LIBRE
A83: SOPORTE TÉCNICO | B83: NTGMMUN0 | D83: 18 | E83: MUÑOZ PACHECO MARIA FERNANDA | F83: =SUM(G83:AD83) -> 9 | P83: 1 | Q83: 1 | R83: 1 | S83: 1 | T83: 1 | V83: 1 | W83: 1 | X83: 1 | Y83: 1 | AE83: =SUM(G83:AD83) -> 9 | AF83: 09:00 A 14:00 - 15:00 A 19:00 | AG83: MIÉRCOLES 31 DE DICIEMBRE
G84: 00:00 - 01:00 | H84: 01:00 - 02:00 | I84: 02:00 - 03:00 | J84: 03:00 - 04:00 | K84: 04:00 - 05:00 | L84: 05:00 - 06:00 | M84: 06:00 - 07:00 | N84: 07:00 - 08:00 | O84: 08:00 - 09:00 | P84: 09:00 - 10:00 | Q84: 10:00 - 11:00 | R84: 11:00 - 12:00 | S84: 12:00 - 13:00 | T84: 13:00 - 14:00 | U84: 14:00 - 15:00 | V84: 15:00 - 16:00 | W84: 16:00 - 17:00 | X84: 17:00 - 18:00 | Y84: 18:00 - 19:00 | Z84: 19:00 - 20:00 | AA84: 20:00 - 21:00 | AB84: 21:00 - 22:00 | AC84: 22:00 - 23:00 | AD84: 23:00 - 00:00

Sheet 01
A1: Nomenclatura
A2: ATRASO | B2: REPOSO
A3: FALTA | B3: PAGO POR SOPORTE O ADICIONAL | D3: LUNES
A4: VACACIONES | B4: CAPACITACIÓN | E4: DIMENSIONAMIENTO | G4: 4 | H4: 3 | I4: 3 | J4: 3 | K4: 3 | L4: 3 | M4: 9 | N4: 13 | O4: 16 | P4: 25 | Q4: 29 | R4: 29 | S4: 29 | T4: 30 | U4: 25 | V4: 26 | W4: 25 | X4: 24 | Y4: 21 | Z4: 21 | AA4: 18 | AB4: 11 | AC4: 7 | AD4: 5 | AE4: =SUM(G4:AD4) -> 382 | AF4: =AE4/9 -> 42.444444
E5: 29 | G5: 00:00 - 01:00 | H5: 01:00 - 02:00 | I5: 02:00 - 03:00 | J5: 03:00 - 04:00 | K5: 04:00 - 05:00 | L5: 05:00 - 06:00 | M5: 06:00 - 07:00 | N5: 07:00 - 08:00 | O5: 08:00 - 09:00 | P5: 09:00 - 10:00 | Q5: 10:00 - 11:00 | R5: 11:00 - 12:00 | S5: 12:00 - 13:00 | T5: 13:00 - 14:00 | U5: 14:00 - 15:00 | V5: 15:00 - 16:00 | W5: 16:00 - 17:00 | X5: 17:00 - 18:00 | Y5: 18:00 - 19:00 | Z5: 19:00 - 20:00 | AA5: 20:00 - 21:00 | AB5: 21:00 - 22:00 | AC5: 22:00 - 23:00 | AD5: 23:00 - 00:00
G6: =G7-G4 -> 0 | H6: =H7-H4 -> 0 | I6: =I7-I4 -> 0 | J6: =J7-J4 -> 0 | K6: =K7-K4 -> 0 | L6: =L7-L4 -> 0 | M6: =M7-M4 -> 0 | N6: =N7-N4 -> 0 | ... AD6: =AD7-AD4 -> 0 | AE6: =SUM(G6:AD6) -> 3
A7: GESTIÓN | B7: USUARIO | C7: CONTACTO | D7: N° | E7: ASESORES | F7: HT | G7: =SUM(G8:G54) -> 4 | H7: =SUM(H8:H54) -> 3 | I7: =SUM(I8:I54) -> 3 | J7: =SUM(J8:J54) -> 3 | K7: =SUM(K8:K54) -> 3 | L7: =SUM(L8:L54) -> 3 | M7: =SUM(M8:M54) -> 9 | N7: =SUM(N8:N54) -> 13 | ... AD7: =SUM(AD8:AD54) -> 5 | AE7: =SUM(G7:AD7) -> 385 | AF7: HORARIO ASISTENCIA | AG7: FECHA
A8: UNIFICADA | B8: NTGLQUIS | D8: 0 | E8: QUISHPE SIERRA JOSE LUIS | F8: =SUM(G8:AD8) -> 10 | P8: 1 | Q8: 1 | R8: 1 | S8: 1 | T8: 1 | U8: 1 | V8: C | W8: 1 | X8: 1 | Y8: 1 | Z8: 1 | AE8: =SUM(G8:AD8) -> 10 | AF8: 09:00 A 20:00 | AG8: LUNES 29 DE DICIEMBRE
A9: UNIFICADA | B9: NTGBACUC | C9: 999600729 | D9: 1 | E9: ACUÑA CAISAGUANO BYRON DANILO | F9: =SUM(G9:AD9) -> 12 | Q9: 1 | R9: 1 | S9: 1 | T9: 1 | U9: 1 | V9: 1 | W9: C | X9: 1 | Y9: 1 | Z9: 1 | AA9: 1 | AB9: 1 | AC9: 1 | AE9: =SUM(G9:AD9) -> 12 | AF9: 10:00 A 23:00 | AG9: LUNES 29 DE DICIEMBRE
A10: UNIFICADA | B10: NTGBALED | C10: 984098910 | D10: 2 | E10: ALENCASTRO DELGADO BRIGITTE SCARLET | F10: =SUM(G10:AD10) -> 12 | G10: 1 | H10: 1 | I10: 1 | J10: 1 | K10: 1 | L10: 1 | X10: C | Y10: 1 | Z10: 1 | AA10: 1 | AB10: 1 | AC10: 1 | AD10: 1 | AE10: =SUM(G10:AD10) -> 12 | AF10: 00:00 A 06:00 - 17:00 A 00:00 | AG10: LUNES 29 DE DICIEMBRE
A11: UNIFICADA | B11: NTGBALEE | C11: 987983128 | D11: 3 | E11: ALENCASTRO DELGADO BRITANY SAMANTA | F11: =SUM(G11:AD11) -> 10 | S11: 1 | T11: 1 | U11: 1 | V11: 1 | W11: C | X11: 1 | Y11: 1 | Z11: 1 | AA11: 1 | AB11: 1 | AC11: 1 | AE11: =SUM(G11:AD11) -> 10 | AF11: 12:00 A 23:00 | AG11: LUNES 29 DE DICIEMBRE
A12: UNIFICADA | B12: NTGOAQUO | D12: 4 | E12: AQUINO ORELLANA OTILDA FRANCISCA | F12: =SUM(G12:AD12) -> 10 | P12: 1 | Q12: 1 | R12: 1 | S12: 1 | T12: 1 | U12: 1 | V12: C | W12: 1 | X12: 1 | Y12: 1 | Z12: 1 | AE12: =SUM(G12:AD12) -> 10 | AF12: 09:00 A 20:00 | AG12: LUNES 29 DE DICIEMBRE
A13: UNIFICADA | B13: NTGAARIF | C13: 998223732 | D13: 5 | E13: ARIAS FARINANGO ARIEL FERNANDO | F13: =SUM(G13:AD13) -> 10 | M13: 1 | N13: 1 | O13: 1 | P13: 1 | Q13: 1 | R13: 1 | S13: C | T13: 1 | U13: 1 | V13: 1 | W13: 1 | AE13: =SUM(G13:AD13) -> 10 | AF13: 06:00 A 17:00 | AG13: LUNES 29 DE DICIEMBRE
A14: UNIFICADA | B14: NTGIARIN | D14: 6 | E14: ARIAS NARVAEZ ISIS ESCARLETH | F14: =SUM(G14:AD14) -> 10 | N14: 1 | O14: 1 | P14: 1 | Q14: 1 | R14: 1 | S14: C | T14: 1 | U14: 1 | V14: 1 | W14: 1 | X14: 1 | AE14: =SUM(G14:AD14) -> 10 | AF14: 07:00 A 18:00 | AG14: LUNES 29 DE DICIEMBRE
A15: UNIFICADA | B15: NTGJBELL | C15: 979044107 | D15: 7 | E15: BELTRAN VILLALBA JENNIFER MIGREY | F15: =SUM(G15:AD15) -> 10 | N15: 1 | O15: 1 | P15: 1 | Q15: 1 | R15: 1 | S15: C | T15: 1 | U15: 1 | V15: 1 | W15: 1 | X15: 1 | AE15: =SUM(G15:AD15) -> 10 | AF15: 07:00 A 18:00 | AG15: LUNES 29 DE DICIEMBRE
A16: UNIFICADA | B16: NTGJBEND_1 | C16: 995545886 | D16: 8 | E16: BENALCAZAR DUARTE JEANNETH GISSELA | F16: =SUM(G16:AD16) -> 11 | O16: 1 | P16: 1 | Q16: 1 | R16: 1 | S16: 1 | T16: 1 | U16: 1 | V16: C | W16: 1 | X16: 1 | Y16: 1 | Z16: 1 | AE16: =SUM(G16:AD16) -> 11 | AF16: 08:00 A 20:00 | AG16: LUNES 29 DE DICIEMBRE
A17: UNIFICADA | B17: NTGJBERO | C17: 968594141 | D17: 9 | E17: BERMEJO MALDONADO JONATHAN MAURICIO | F17: =SUM(G17:AD17) -> 11 | P17: 1 | Q17: 1 | R17: 1 | S17: 1 | T17: 1 | U17: 1 | V17: C | W17: 1 | X17: 1 | Y17: 1 | Z17: 1 | AA17: 1 | AE17: =SUM(G17:AD17) -> 11 | AF17: 09:00 A 21:00 | AG17: LUNES 29 DE DICIEMBRE
A18: UNIFICADA | B18: NTGMCABU | D18: 10 | E18: CABASCANGO BUSE MARITZA ELIZABETH | F18: =SUM(G18:AD18) -> 10 | N18: 1 | O18: 1 | P18: 1 | Q18: 1 | R18: 1 | S18: C | T18: 1 | U18: 1 | V18: 1 | W18: 1 | X18: 1 | AE18: =SUM(G18:AD18) -> 10 | AF18: 07:00 A 18:00 | AG18: LUNES 29 DE DICIEMBRE
A19: UNIFICADA | B19: NTGMCAR9 | C19: 989533877 | D19: 11 | E19: CARVAJAL RENGEL MARIA BELEN | F19: =SUM(G19:AD19) -> 6 | X19: C | Y19: 1 | Z19: 1 | AA19: 1 | AB19: 1 | AC19: 1 | AD19: 1 | AE19: =SUM(G19:AD19) -> 6 | AF19: 17:00 A 00:00 | AG19: LUNES 29 DE DICIEMBRE
A20: UNIFICADA | B20: NTGTCHII | C20: 997829699 | D20: 12 | E20: CHINGA PITIUR TATIANA LIZBETH | F20: =SUM(G20:AD20) -> 7 | U20: C | V20: 1 | W20: 1 | X20: 1 | Y20: 1 | Z20: 1 | AA20: 1 | AB20: 1 | AE20: =SUM(G20:AD20) -> 7 | AF20: 14:00 A 22:00 | AG20: LUNES 29 DE DICIEMBRE
A21: UNIFICADA | B21: NTGCCOLT | D21: 13 | E21: COLCHA TOAPANTA CINTHYA VANESSA | F21: =SUM(G21:AD21) -> 9 | U21: 1 | V21: 1 | W21: C | X21: 1 | Y21: 1 | Z21: 1 | AA21: 1 | AB21: 1 | AC21: 1 | AD21: 1 | AE21: =SUM(G21:AD21) -> 9 | AF21: 14:00 A 00:00 | AG21: LUNES 29 DE DICIEMBRE
A22: UNIFICADA | B22: NTGADELN | C22: 996303208 | D22: 14 | E22: DEL CASTILLO MANCHENO ANDRES DARIO | F22: =SUM(G22:AD22) -> 10 | M22: 1 | N22: 1 | O22: 1 | P22: 1 | Q22: 1 | R22: 1 | S22: 1 | U22: 1 | V22: 1 | W22: 1 | X22: C | AE22: =SUM(G22:AD22) -> 10 | AF22: 06:00 A 13:00 - 14:00 A 18:00 | AG22: LUNES 29 DE DICIEMBRE
A23: UNIFICADA | B23: NTGYGOMR | C23: 991837641 | D23: 15 | E23: GOMEZ ROSALES YANINA BELEN | F23: =SUM(G23:AD23) -> 6 | O23: 1 | P23: 1 | Q23: 1 | R23: 1 | S23: C | T23: 1 | U23: 1 | AE23: =SUM(G23:AD23) -> 6 | AF23: 08:00 A 15:00 | AG23: LUNES 29 DE DICIEMBRE
A24: UNIFICADA | B24: NTGCGUAH | C24: 985570860 | D24: 16 | E24: GUANOLUISA REMACHE CHRISTIAN ALEXANDER | F24: =SUM(G24:AD24) -> 10 | P24: 1 | Q24: 1 | R24: 1 | S24: 1 | T24: 1 | U24: 1 | V24: C | X24: 1 | Y24: 1 | Z24: 1 | AA24: 1 | AE24: =SUM(G24:AD24) -> 10 | AF24: 09:00 A 16:00 - 17:00 A 21:00 | AG24: LUNES 29 DE DICIEMBRE
A25: UNIFICADA | B25: NTGLJACC | C25: 961816449 | D25: 17 | E25: JACOME CAMACHO LUIS HUMBERTO | F25: =SUM(G25:AD25) -> 10 | M25: 1 | N25: 1 | O25: 1 | P25: 1 | Q25: 1 | R25: 1 | S25: 1 | U25: 1 | V25: 1 | W25: 1 | X25: C | AE25: =SUM(G25:AD25) -> 10 | AF25: 06:00 A 13:00 - 14:00 A 18:00 | AG25: LUNES 29 DE DICIEMBRE
A26: UNIFICADA | B26: NTGMJIM0 | C26: 989858490 | D26: 18 | E26: JIMENEZ SILVA MIRIAN PAMELA | F26: =SUM(G26:AD26) -> 10 | M26: 1 | N26: 1 | O26: 1 | P26: 1 | Q26: 1 | R26: 1 | S26: 1 | U26: 1 | V26: 1 | W26: 1 | X26: C | AE26: =SUM(G26:AD26) -> 10 | AF26: 06:00 A 13:00 - 14:00 A 18:00 | AG26: LUNES 29 DE DICIEMBRE
A27: UNIFICADA | B27: NTGELECS | C27: 988957267 | D27: 19 | E27: LECHON SANDOVAL ERICK FERNANDO | F27: =SUM(G27:AD27) -> 11 | Q27: 1 | R27: 1 | S27: 1 | T27: 1 | U27: 1 | V27: 1 | W27: C | X27: 1 | Y27: 1 | Z27: 1 | AA27: 1 | AB27: 1 | AE27: =SUM(G27:AD27) -> 11 | AF27: 10:00 A 22:00 | AG27: LUNES 29 DE DICIEMBRE
A28: UNIFICADA | B28: NTGJMEN13 | D28: 20 | E28: MENDOZA PALACIOS JHON HENRY | F28: =SUM(G28:AD28) -> 11 | P28: 1 | Q28: 1 | R28: 1 | S28: 1 | T28: 1 | U28: C | V28: 1 | W28: 1 | X28: 1 | Y28: 1 | Z28: 1 | AA28: 1 | AE28: =SUM(G28:AD28) -> 11 | AF28: 09:00 A 21:00 | AG28: LUNES 29 DE DICIEMBRE
A29: UNIFICADA | B29: NTGJMOR53 | D29: 21 | E29: MORALES MARTINEZ JOSUE JAVIER | F29: =SUM(G29:AD29) -> 6 | U29: C | V29: 1 | W29: 1 | X29: 1 | Y29: 1 | Z29: 1 | AA29: 1 | AE29: =SUM(G29:AD29) -> 6 | AF29: 14:00 A 21:00 | AG29: LUNES 29 DE DICIEMBRE
A30: UNIFICADA | B30: NTGJMOR48 | C30: 962757006 | D30: 22 | E30: MORENO NORIEGA JORGE OSVALDO | F30: =SUM(G30:AD30) -> 11 | P30: 1 | Q30: 1 | R30: 1 | S30: 1 | T30: 1 | U30: 1 | V30: 1 | W30: C | X30: 1 | Y30: 1 | Z30: 1 | AA30: 1 | AE30: =SUM(G30:AD30) -> 11 | AF30: 09:00 A 21:00 | AG30: LUNES 29 DE DICIEMBRE
A31: UNIFICADA | B31: NTGTMORC | D31: 23 | E31: MOROCHO CALDERON TANIA DENISSE | F31: =SUM(G31:AD31) -> 11 | P31: 1 | Q31: 1 | R31: 1 | S31: 1 | T31: 1 | U31: 1 | V31: C | W31: 1 | X31: 1 | Y31: 1 | Z31: 1 | AA31: 1 | AE31: =SUM(G31:AD31) -> 11 | AF31: 09:00 A 21:00 | AG31: LUNES 29 DE DICIEMBRE
A32: UNIFICADA | B32: NTGKNARM | C32: 995055956 | D32: 24 | E32: NARVAEZ MALDONADO KARLA JULIET | F32: =SUM(G32:AD32) -> 10 | M32: 1 | N32: 1 | O32: 1 | P32: 1 | Q32: 1 | R32: 1 | S32: 1 | U32: 1 | V32: 1 | W32: 1 | X32: C | AE32: =SUM(G32:AD32) -> 10 | AF32: 06:00 A 13:00 - 14:00 A 18:00 | AG32: LUNES 29 DE DICIEMBRE
A33: UNIFICADA | B33: NTGMPALR | D33: 25 | E33: PALOMO RAMIREZ MAYERLI RAQUEL | F33: =SUM(G33:AD33) -> 6 | O33: 1 | P33: 1 | Q33: 1 | R33: 1 | S33: 1 | T33: 1 | U33: C | AE33: =SUM(G33:AD33) -> 6 | AF33: 08:00 A 15:00 | AG33: LUNES 29 DE DICIEMBRE
A34: UNIFICADA | B34: NTGJQUI50 | D34: 26 | E34: QUISPE PALACIOS JOSELYN YADIRA | F34: =SUM(G34:AD34) -> 11 | P34: 1 | Q34: 1 | R34: 1 | S34: 1 | T34: 1 | U34: 1 | V34: C | X34: 1 | Y34: 1 | Z34: 1 | AA34: 1 | AB34: 1 | AE34: =SUM(G34:AD34) -> 11 | AF34: 09:00 A 16:00 - 17:00 A 22:00 | AG34: LUNES 29 DE DICIEMBRE
